date,n_kap_day,n_material,kap_score,kap_polarity,has_earnings,has_dividend,has_buyback,has_rating,has_oda
2018-01-02,8,6,0.0,neutral,0,0,0,0,1
2018-01-03,4,2,0.0,neutral,0,0,0,0,1
2018-01-04,13,13,1.0,bullish,0,0,0,0,1
2018-01-05,12,12,3.0,bullish,0,0,0,0,1
2018-01-08,20,19,0.0,neutral,0,0,0,0,1
2018-01-09,22,20,-3.0,bearish,0,0,0,0,1
2018-01-10,16,15,-2.0,bearish,0,0,0,0,1
2018-01-11,21,21,1.0,bullish,0,0,0,1,1
2018-01-12,22,20,4.0,bullish,0,0,0,0,1
2018-01-13,1,1,0.0,neutral,0,0,0,0,1
2018-01-15,9,5,0.0,neutral,0,0,0,0,1
2018-01-16,8,7,2.0,bullish,0,0,0,0,1
2018-01-17,11,11,1.0,bullish,0,0,0,0,0
2018-01-18,11,11,0.0,neutral,0,0,0,0,1
2018-01-19,16,15,7.0,bullish,0,0,0,0,1
2018-01-22,13,13,-1.0,bearish,0,0,0,0,1
2018-01-23,14,14,-3.8,bearish,0,0,0,0,1
2018-01-24,8,8,-2.0,bearish,0,0,0,0,1
2018-01-25,5,5,0.0,neutral,0,0,0,1,1
2018-01-26,17,16,-4.0,bearish,0,0,0,0,1
2018-01-28,1,1,-2.0,bearish,0,0,0,0,1
2018-01-29,11,10,-0.8,neutral,0,0,0,0,1
2018-01-30,21,18,4.0,bullish,1,0,0,0,1
2018-01-31,27,22,9.5,bullish,1,1,0,0,1
2018-02-01,18,16,1.0,bullish,1,0,0,0,1
2018-02-02,28,23,3.0,bullish,1,0,0,0,1
2018-02-05,13,13,2.2,bullish,0,0,0,0,1
2018-02-06,18,14,6.5,bullish,1,1,0,0,1
2018-02-07,14,14,1.0,bullish,0,0,0,0,1
2018-02-08,10,9,3.5,bullish,1,1,0,0,1
2018-02-09,19,18,2.0,bullish,0,0,0,0,1
2018-02-11,3,2,0.0,neutral,0,0,0,0,1
2018-02-12,11,9,1.0,bullish,1,0,0,0,1
2018-02-13,19,18,3.5,bullish,0,1,0,0,1
2018-02-14,10,9,-1.0,bearish,1,0,0,0,0
2018-02-15,26,22,9.5,bullish,1,1,0,0,1
2018-02-16,26,24,6.0,bullish,1,1,0,0,1
2018-02-19,31,29,5.5,bullish,0,1,0,0,0
2018-02-20,35,30,6.0,bullish,1,1,0,0,1
2018-02-21,22,19,9.5,bullish,1,1,0,0,1
2018-02-22,14,13,2.0,bullish,0,0,0,0,1
2018-02-23,15,11,0.0,neutral,0,0,0,0,1
2018-02-26,40,33,14.5,bullish,1,1,0,0,1
2018-02-27,21,18,8.0,bullish,1,1,0,0,1
2018-02-28,33,31,10.5,bullish,0,1,0,0,1
2018-03-01,25,18,2.5,bullish,1,1,0,0,1
2018-03-02,33,29,6.0,bullish,1,1,0,0,1
2018-03-05,21,20,8.5,bullish,1,1,0,0,1
2018-03-06,23,18,1.0,bullish,1,0,0,0,1
2018-03-07,25,23,0.0,neutral,1,0,0,0,1
2018-03-08,7,6,1.0,bullish,0,0,0,0,0
2018-03-09,26,22,7.5,bullish,1,1,0,1,1
2018-03-10,1,1,0.0,neutral,0,0,0,1,0
2018-03-12,41,38,1.0,bullish,0,0,0,1,1
2018-03-13,8,8,0.0,neutral,0,0,0,0,1
2018-03-14,21,18,2.5,bullish,0,1,0,0,0
2018-03-15,22,22,3.5,bullish,0,1,0,0,1
2018-03-16,26,24,-1.0,bearish,0,0,0,0,1
2018-03-19,21,18,8.0,bullish,0,1,0,0,1
2018-03-20,24,21,7.5,bullish,0,1,0,0,1
2018-03-21,28,28,15.0,bullish,0,1,0,0,1
2018-03-22,43,41,9.0,bullish,0,1,0,1,1
2018-03-23,28,24,-1.8,bearish,0,0,0,0,1
2018-03-26,12,10,12.5,bullish,0,1,0,0,1
2018-03-27,27,26,1.0,bullish,0,0,0,0,1
2018-03-28,44,41,13.5,bullish,0,1,0,0,1
2018-03-29,25,24,12.2,bullish,0,1,0,0,1
2018-03-30,54,48,21.5,bullish,0,1,0,0,1
2018-03-31,1,1,0.0,neutral,0,0,0,0,0
2018-04-02,33,30,18.8,bullish,0,1,0,0,1
2018-04-03,17,14,5.0,bullish,0,0,0,0,1
2018-04-04,22,21,4.5,bullish,0,1,0,0,1
2018-04-05,28,26,-1.0,bearish,0,0,0,1,1
2018-04-06,19,16,2.0,bullish,0,0,0,0,1
2018-04-09,27,25,0.0,neutral,0,0,0,0,1
2018-04-10,15,14,1.0,bullish,0,0,0,0,1
2018-04-11,14,12,5.5,bullish,0,1,0,0,1
2018-04-12,15,12,4.6,bullish,0,0,0,0,1
2018-04-13,11,9,3.0,bullish,0,0,0,0,1
2018-04-16,18,17,4.5,bullish,0,1,0,0,1
2018-04-17,23,23,6.8,bullish,0,0,0,0,1
2018-04-18,21,17,3.0999999999999996,bullish,0,0,0,0,1
2018-04-19,7,6,4.8,bullish,0,0,0,0,1
2018-04-20,16,15,1.3,bullish,0,0,0,0,1
2018-04-24,16,13,2.0,bullish,1,0,0,0,1
2018-04-25,39,34,2.8,bullish,1,1,0,0,1
2018-04-26,52,43,3.5999999999999996,bullish,1,0,0,0,1
2018-04-27,24,20,0.0,neutral,1,0,0,0,1
2018-04-30,24,21,4.0,bullish,1,0,1,0,1
2018-05-02,16,13,3.0,bullish,1,0,1,0,1
2018-05-03,18,16,7.2,bullish,1,0,1,0,1
2018-05-04,21,19,4.2,bullish,1,0,1,0,1
2018-05-07,25,23,5.7,bullish,1,1,1,1,1
2018-05-08,30,26,8.9,bullish,1,1,1,1,1
2018-05-09,28,25,8.4,bullish,1,0,1,0,1
2018-05-10,20,17,7.4,bullish,1,0,1,0,1
2018-05-11,22,20,6.4,bullish,1,0,1,0,1
2018-05-14,23,20,6.0,bullish,0,0,1,0,1
2018-05-15,28,25,17.9,bullish,0,1,1,0,0
2018-05-16,13,10,1.8,bullish,0,0,0,0,0
2018-05-17,12,11,2.0,bullish,0,0,0,0,1
2018-05-18,18,17,8.0,bullish,1,0,1,0,1
2018-05-21,14,13,6.0,bullish,0,0,1,0,1
2018-05-22,18,17,11.5,bullish,0,1,1,0,1
2018-05-23,26,26,4.4,bullish,0,0,1,0,1
2018-05-24,26,22,13.0,bullish,1,0,1,0,1
2018-05-25,22,20,2.8,bullish,0,0,0,0,1
2018-05-28,15,15,11.899999999999999,bullish,0,1,1,0,1
2018-05-29,29,28,13.2,bullish,0,0,1,0,1
2018-05-30,23,21,5.2,bullish,0,0,1,0,1
2018-05-31,21,19,8.2,bullish,0,0,1,0,1
2018-06-01,27,26,11.8,bullish,0,0,1,1,1
2018-06-02,1,1,0.0,neutral,0,0,0,0,0
2018-06-04,21,19,7.2,bullish,0,0,1,1,1
2018-06-05,31,30,7.7,bullish,0,1,1,0,1
2018-06-06,20,19,15.2,bullish,0,0,1,1,1
2018-06-07,18,16,5.5,bullish,0,1,0,1,1
2018-06-08,40,36,20.4,bullish,1,0,1,1,1
2018-06-11,28,26,10.399999999999999,bullish,0,0,1,0,1
2018-06-12,16,15,4.2,bullish,0,0,1,1,1
2018-06-13,22,21,8.4,bullish,0,0,1,0,1
2018-06-14,3,3,5.2,bullish,0,0,1,0,0
2018-06-18,21,20,12.599999999999998,bullish,0,0,1,0,1
2018-06-19,17,16,4.2,bullish,0,0,1,1,0
2018-06-20,25,21,9.399999999999999,bullish,1,0,1,0,1
2018-06-21,29,29,8.799999999999999,bullish,0,0,1,0,1
2018-06-22,16,15,8.0,bullish,0,0,1,0,1
2018-06-25,19,17,9.2,bullish,0,0,1,0,1
2018-06-26,19,17,4.6000000000000005,bullish,0,0,1,0,1
2018-06-27,14,14,2.8,bullish,0,0,0,0,1
2018-06-28,28,28,7.8,bullish,0,0,1,0,1
2018-06-29,16,16,9.0,bullish,0,0,1,1,1
2018-07-02,20,16,1.0,bullish,0,0,0,0,1
2018-07-03,21,18,6.4,bullish,0,0,1,0,1
2018-07-04,15,11,5.0,bullish,0,0,0,0,1
2018-07-05,14,12,10.399999999999999,bullish,0,0,1,0,1
2018-07-06,19,19,3.2,bullish,0,0,1,0,1
2018-07-09,7,7,-1.0,bearish,0,0,0,0,1
2018-07-10,13,11,5.2,bullish,0,0,1,0,1
2018-07-11,18,15,4.2,bullish,0,0,1,0,1
2018-07-12,12,10,6.4,bullish,0,0,1,0,1
2018-07-13,11,10,3.2,bullish,0,0,1,1,0
2018-07-16,16,16,9.2,bullish,0,0,1,0,1
2018-07-17,17,17,6.4,bullish,0,0,1,0,1
2018-07-18,19,18,6.4,bullish,0,0,1,0,1
2018-07-19,22,22,3.2,bullish,0,0,1,1,1
2018-07-20,16,15,4.5,bullish,0,0,1,1,1
2018-07-23,21,20,-0.6000000000000001,neutral,0,0,1,1,1
2018-07-24,20,16,4.2,bullish,1,0,1,1,1
2018-07-25,27,23,1.2,bullish,1,0,1,0,1
2018-07-26,28,24,1.3,bullish,1,0,0,0,1
2018-07-27,28,19,0.0,neutral,1,0,0,0,1
2018-07-28,3,2,0.0,neutral,1,0,0,0,0
2018-07-30,14,12,-0.8,neutral,1,0,0,0,1
2018-07-31,23,21,0.0,neutral,1,0,0,0,1
2018-08-01,28,24,1.3,bullish,1,0,0,0,1
2018-08-02,13,12,1.0,bullish,0,0,0,0,1
2018-08-03,27,24,3.0,bullish,1,0,0,0,1
2018-08-06,19,17,-1.0,bearish,1,0,0,0,1
2018-08-07,22,19,0.0,neutral,0,0,0,0,1
2018-08-08,17,16,1.0,bullish,1,0,0,0,1
2018-08-09,39,31,1.0,bullish,1,0,0,0,1
2018-08-10,30,15,1.8,bullish,0,0,0,0,1
2018-08-13,28,18,2.0,bullish,1,0,0,0,1
2018-08-14,30,26,1.0,bullish,1,0,0,0,1
2018-08-15,8,7,4.2,bullish,1,0,1,0,1
2018-08-16,15,15,3.0,bullish,0,0,0,0,1
2018-08-17,37,35,5.4,bullish,1,0,1,1,1
2018-08-20,6,5,0.0,neutral,0,0,0,1,1
2018-08-27,13,13,2.9,bullish,0,0,1,1,1
2018-08-28,22,22,4.4,bullish,0,0,1,1,1
2018-08-29,22,22,5.4,bullish,0,0,1,1,1
2018-08-31,26,24,6.7,bullish,0,0,1,0,1
2018-09-03,8,8,6.4,bullish,0,0,1,0,1
2018-09-04,16,15,3.5,bullish,0,0,1,0,1
2018-09-05,21,19,3.2,bullish,0,0,1,1,1
2018-09-06,16,16,4.2,bullish,0,0,1,0,1
2018-09-07,12,12,1.2,bullish,0,0,1,0,0
2018-09-10,7,6,2.2,bullish,0,0,1,0,1
2018-09-11,16,14,6.4,bullish,0,0,1,0,0
2018-09-12,12,10,2.2,bullish,0,0,1,0,1
2018-09-13,18,15,4.2,bullish,0,0,1,0,1
2018-09-14,23,23,7.2,bullish,0,0,1,0,1
2018-09-17,13,11,6.2,bullish,0,0,1,0,1
2018-09-18,11,11,2.5,bullish,0,0,1,0,0
2018-09-19,12,11,2.2,bullish,0,0,1,0,1
2018-09-20,16,14,2.2,bullish,0,0,1,0,1
2018-09-21,12,11,1.4000000000000001,bullish,0,0,1,1,1
2018-09-24,12,11,5.2,bullish,0,0,1,0,1
2018-09-25,10,9,2.2,bullish,0,0,1,0,1
2018-09-26,18,18,1.2,bullish,0,0,1,0,1
2018-09-27,20,20,1.2,bullish,0,0,1,1,1
2018-09-28,19,18,4.4,bullish,0,0,1,0,1
2018-10-01,10,8,1.0,bullish,0,0,0,0,1
2018-10-02,26,26,0.0,neutral,0,0,0,1,1
2018-10-03,4,4,0.0,neutral,0,0,0,0,1
2018-10-04,16,14,2.0,bullish,0,0,0,0,1
2018-10-05,13,13,-1.0,bearish,0,0,0,0,1
2018-10-08,5,4,2.0,bullish,0,0,0,0,0
2018-10-09,17,16,3.0,bullish,0,0,0,0,0
2018-10-10,5,5,-2.0,bearish,0,0,0,0,1
2018-10-11,14,13,0.0,neutral,0,0,0,0,1
2018-10-12,8,7,1.0,bullish,0,0,0,0,1
2018-10-15,5,3,0.0,neutral,0,0,0,0,1
2018-10-16,3,3,1.0,bullish,0,0,0,0,1
2018-10-17,7,7,3.5,bullish,0,1,0,0,1
2018-10-18,8,7,1.0,bullish,0,0,0,0,0
2018-10-19,7,6,0.0,neutral,0,0,0,1,1
2018-10-22,16,16,3.0,bullish,0,0,0,0,1
2018-10-23,10,8,0.0,neutral,0,0,0,0,1
2018-10-24,23,18,2.2,bullish,1,0,1,0,1
2018-10-25,22,14,2.2,bullish,1,0,1,0,1
2018-10-26,25,19,2.4,bullish,1,0,1,0,1
2018-10-27,4,3,0.0,neutral,1,0,0,0,0
2018-10-30,18,16,3.0,bullish,1,0,1,0,1
2018-10-31,22,16,1.2,bullish,1,0,1,0,1
2018-11-01,21,19,5.2,bullish,1,0,1,0,1
2018-11-02,11,9,1.0,bullish,0,0,0,0,1
2018-11-03,1,1,0.0,neutral,0,0,0,0,0
2018-11-05,10,8,2.0,bullish,0,0,0,0,1
2018-11-06,22,19,1.0,bullish,1,0,0,0,1
2018-11-07,36,29,4.2,bullish,1,0,1,0,1
2018-11-08,28,23,9.2,bullish,1,1,1,0,1
2018-11-09,22,17,8.7,bullish,1,0,1,0,1
2018-11-12,13,11,8.2,bullish,0,0,1,0,1
2018-11-13,10,9,5.4,bullish,0,0,1,0,1
2018-11-14,9,9,5.4,bullish,0,0,1,0,0
2018-11-15,5,5,7.4,bullish,0,0,1,0,0
2018-11-16,26,23,9.899999999999999,bullish,0,1,1,0,0
2018-11-19,9,8,7.4,bullish,0,0,1,0,1
2018-11-20,15,13,5.6000000000000005,bullish,0,0,1,0,0
2018-11-21,14,14,5.4,bullish,0,0,1,0,0
2018-11-22,8,7,6.4,bullish,0,0,1,0,1
2018-11-23,11,11,7.2,bullish,0,0,1,0,1
2018-11-26,10,8,5.2,bullish,0,0,1,0,1
2018-11-27,12,12,3.2,bullish,0,0,1,0,1
2018-11-28,8,8,5.5,bullish,0,0,1,0,1
2018-11-29,9,8,2.2,bullish,0,0,1,0,1
2018-11-30,13,12,6.2,bullish,0,0,1,1,1
2018-12-03,8,6,2.2,bullish,0,0,1,0,1
2018-12-04,10,8,4.2,bullish,0,0,1,0,1
2018-12-05,12,12,5.8,bullish,0,0,1,0,1
2018-12-06,14,14,3.2,bullish,0,0,1,0,1
2018-12-07,18,16,7.2,bullish,0,0,1,0,1
2018-12-10,19,17,1.2,bullish,0,0,1,0,1
2018-12-11,15,14,3.2,bullish,0,0,1,1,1
2018-12-12,29,29,5.2,bullish,0,0,1,0,1
2018-12-13,19,18,7.5,bullish,0,0,1,1,1
2018-12-14,12,10,3.2,bullish,0,0,1,0,1
2018-12-17,14,12,7.5,bullish,0,0,1,0,1
2018-12-18,14,14,10.5,bullish,0,1,1,0,1
2018-12-19,16,14,9.2,bullish,0,0,1,0,1
2018-12-20,10,8,4.2,bullish,0,0,1,0,1
2018-12-21,20,18,5.2,bullish,0,0,1,0,1
2018-12-22,11,9,0.0,neutral,0,0,0,0,1
2018-12-24,16,15,3.2,bullish,0,0,1,1,1
2018-12-25,31,28,10.2,bullish,0,0,1,0,1
2018-12-26,26,25,8.2,bullish,0,0,1,0,1
2018-12-27,24,22,11.0,bullish,0,0,1,0,1
2018-12-28,34,31,12.2,bullish,0,0,1,0,1
2018-12-31,13,13,10.8,bullish,0,0,1,0,1
2019-01-01,1,0,0.0,neutral,0,0,0,0,0
2019-01-02,20,17,5.0,bullish,0,0,0,0,1
2019-01-03,19,17,5.0,bullish,0,0,0,0,1
2019-01-04,18,16,4.0,bullish,0,0,0,0,1
2019-01-07,10,10,1.0,bullish,0,0,0,0,1
2019-01-08,6,4,1.0,bullish,0,0,0,0,1
2019-01-09,10,9,0.0,neutral,0,0,0,0,0
2019-01-10,8,8,2.0,bullish,0,0,0,1,1
2019-01-11,15,13,2.0,bullish,0,0,0,0,1
2019-01-14,12,12,0.0,neutral,0,0,0,0,1
2019-01-15,7,7,-3.0,bearish,0,0,0,0,1
2019-01-16,6,5,3.2,bullish,0,0,1,0,1
2019-01-17,8,8,0.0,neutral,0,0,0,0,0
2019-01-18,13,13,2.0,bullish,0,0,1,0,1
2019-01-21,15,13,7.0,bullish,0,0,0,0,0
2019-01-22,9,7,2.8,bullish,0,0,0,0,1
2019-01-23,9,8,-1.0,bearish,0,0,0,0,0
2019-01-24,9,8,-1.0,bearish,0,0,0,0,0
2019-01-25,21,19,2.8,bullish,0,0,0,1,1
2019-01-28,7,6,0.0,neutral,0,0,0,0,1
2019-01-29,11,6,1.2,bullish,0,0,1,0,1
2019-01-30,15,12,2.0,bullish,1,0,0,0,1
2019-01-31,17,9,0.0,neutral,1,0,0,0,1
2019-02-01,21,16,5.5,bullish,1,1,0,0,1
2019-02-04,15,13,2.0,bullish,0,0,0,0,1
2019-02-05,12,11,0.0,neutral,0,0,0,0,1
2019-02-06,9,9,-1.0,bearish,0,0,0,0,1
2019-02-07,23,20,0.0,neutral,1,0,0,0,1
2019-02-08,16,14,3.2,bullish,1,0,1,0,1
2019-02-10,2,1,0.0,neutral,1,0,0,0,0
2019-02-11,18,16,4.2,bullish,1,0,1,0,1
2019-02-12,15,14,3.2,bullish,1,0,1,0,1
2019-02-13,61,53,18.9,bullish,1,1,1,0,1
2019-02-14,23,23,2.5,bullish,0,1,0,1,1
2019-02-15,23,19,7.7,bullish,1,1,1,0,1
2019-02-18,36,32,8.2,bullish,1,1,1,0,1
2019-02-19,21,18,3.2,bullish,0,0,1,0,1
2019-02-20,9,8,2.2,bullish,1,0,1,0,1
2019-02-21,15,13,9.0,bullish,0,1,1,0,1
2019-02-22,24,22,9.0,bullish,0,0,1,0,0
2019-02-25,21,18,4.7,bullish,1,1,1,0,1
2019-02-26,24,23,1.2,bullish,1,0,1,0,1
2019-02-27,22,21,9.7,bullish,0,1,1,0,1
2019-02-28,31,29,12.7,bullish,1,1,1,0,1
2019-03-01,34,27,-0.8,neutral,1,0,1,1,0
2019-03-04,25,23,5.0,bullish,1,1,0,1,1
2019-03-05,41,35,3.5,bullish,1,1,0,0,1
2019-03-06,36,32,20.7,bullish,1,1,1,0,1
2019-03-07,31,27,11.7,bullish,0,1,1,0,1
2019-03-08,34,31,10.2,bullish,0,1,1,0,1
2019-03-11,29,25,2.2,bullish,1,0,1,0,1
2019-03-12,23,20,4.5,bullish,0,1,0,0,1
2019-03-13,19,17,8.5,bullish,0,1,1,0,1
2019-03-14,12,9,1.2,bullish,0,0,1,0,1
2019-03-15,18,16,3.5,bullish,0,1,0,0,1
2019-03-16,3,2,0.0,neutral,0,0,0,0,1
2019-03-18,24,23,9.399999999999999,bullish,0,1,1,0,1
2019-03-19,30,29,12.2,bullish,0,1,1,0,1
2019-03-20,19,18,10.2,bullish,0,1,1,0,1
2019-03-21,24,23,7.2,bullish,0,1,1,0,1
2019-03-22,35,32,1.2,bullish,0,0,1,0,1
2019-03-25,14,13,5.5,bullish,0,1,0,0,0
2019-03-26,20,20,3.0,bullish,0,0,0,0,1
2019-03-27,20,16,2.8,bullish,0,0,0,0,1
2019-03-28,23,22,11.0,bullish,0,1,0,0,1
2019-03-29,45,41,18.5,bullish,0,1,0,0,1
2019-03-30,1,1,0.0,neutral,0,0,0,0,0
2019-04-01,21,19,4.0,bullish,0,0,0,0,1
2019-04-02,19,18,1.5,bullish,0,1,0,0,1
2019-04-03,33,30,4.0,bullish,0,0,0,0,1
2019-04-04,18,18,4.5,bullish,0,1,0,0,1
2019-04-05,31,28,2.5,bullish,0,1,0,0,1
2019-04-08,10,10,-1.0,bearish,0,0,0,0,1
2019-04-09,18,18,1.0,bullish,0,0,0,0,1
2019-04-10,12,11,0.8,neutral,0,0,0,0,1
2019-04-11,12,10,-3.0,bearish,0,0,0,0,1
2019-04-12,20,19,3.8,bullish,0,0,0,0,1
2019-04-15,4,3,2.0,bullish,0,0,0,0,0
2019-04-16,10,9,2.0,bullish,0,0,0,0,0
2019-04-17,15,15,5.5,bullish,0,1,0,0,1
2019-04-18,15,15,-2.0,bearish,0,0,0,1,1
2019-04-19,13,12,2.0,bullish,0,0,0,0,1
2019-04-22,5,5,0.0,neutral,0,0,0,0,1
2019-04-24,12,12,-2.0,bearish,0,0,0,0,1
2019-04-25,31,29,12.8,bullish,1,0,0,0,1
2019-04-26,49,36,3.5,bullish,1,1,0,0,1
2019-04-29,31,26,7.8,bullish,1,0,0,0,1
2019-04-30,44,40,15.3,bullish,1,1,0,0,1
2019-05-01,1,1,1.0,bullish,0,0,0,0,0
2019-05-02,30,23,5.3,bullish,1,1,0,0,1
2019-05-03,31,29,13.8,bullish,0,1,0,0,1
2019-05-06,12,11,1.0,bullish,1,0,0,0,1
2019-05-07,26,24,0.0,neutral,1,0,0,0,1
2019-05-08,33,29,5.0,bullish,1,0,0,0,1
2019-05-09,32,28,5.5,bullish,1,1,0,0,1
2019-05-10,51,42,2.0,bullish,1,0,0,0,1
2019-05-13,9,8,0.0,neutral,0,0,0,0,1
2019-05-14,23,22,-1.0,bearish,0,0,0,0,1
2019-05-15,16,14,-1.0,bearish,0,0,0,0,1
2019-05-16,8,8,4.3,bullish,0,1,0,0,0
2019-05-17,18,18,1.0,bullish,0,0,0,0,1
2019-05-20,13,12,-1.0,bearish,0,0,0,0,0
2019-05-21,18,18,5.3,bullish,0,1,0,0,1
2019-05-22,23,23,2.0,bullish,0,0,0,0,1
2019-05-23,11,11,2.0,bullish,0,0,0,0,1
2019-05-24,20,19,2.0,bullish,0,0,0,0,1
2019-05-27,16,15,0.0,neutral,0,0,0,0,1
2019-05-28,24,23,1.0,bullish,0,0,0,1,1
2019-05-29,21,20,-2.3,bearish,0,1,0,0,1
2019-05-30,23,20,0.0,neutral,0,0,0,0,1
2019-05-31,34,32,7.8,bullish,0,0,0,0,1
2019-06-03,2,2,-2.0,bearish,0,0,0,0,1
2019-06-07,7,6,1.0,bullish,0,0,0,0,1
2019-06-10,17,15,2.0,bullish,0,0,0,0,1
2019-06-11,24,23,-1.0,bearish,0,0,0,1,1
2019-06-12,21,19,1.0,bullish,0,0,0,0,0
2019-06-13,17,16,-0.19999999999999996,neutral,0,0,0,0,1
2019-06-14,15,14,0.0,neutral,0,0,0,0,0
2019-06-17,20,20,4.5,bullish,0,1,0,0,1
2019-06-18,15,13,4.7,bullish,0,1,0,0,1
2019-06-19,34,33,-6.8,bearish,0,0,0,1,1
2019-06-20,23,23,-11.0,bearish,0,0,0,1,1
2019-06-21,32,29,-9.8,bearish,0,0,0,1,1
2019-06-24,12,12,-4.0,bearish,0,0,0,0,1
2019-06-25,35,33,-2.0,bearish,0,0,0,0,1
2019-06-26,18,18,-13.0,bearish,0,0,0,0,1
2019-06-27,11,11,-8.0,bearish,0,0,0,0,1
2019-06-28,25,25,-1.5,bearish,0,1,0,0,1
2019-07-01,21,19,-14.0,bearish,0,0,0,0,1
2019-07-02,18,18,-10.0,bearish,0,0,0,0,1
2019-07-03,10,9,0.0,neutral,0,0,0,0,1
2019-07-04,25,23,-10.0,bearish,0,0,0,0,1
2019-07-05,22,22,-4.0,bearish,0,0,0,0,1
2019-07-08,16,14,-3.0,bearish,0,0,0,0,1
2019-07-09,18,18,-5.0,bearish,0,0,0,0,1
2019-07-10,18,17,-8.0,bearish,0,0,0,0,1
2019-07-11,14,14,-5.0,bearish,0,0,0,0,1
2019-07-12,17,15,-3.0,bearish,0,0,0,0,0
2019-07-14,1,1,0.0,neutral,0,0,0,0,0
2019-07-16,19,19,-11.0,bearish,0,0,0,0,0
2019-07-17,18,17,-9.0,bearish,0,0,0,0,1
2019-07-18,26,25,-3.0,bearish,0,0,0,1,1
2019-07-19,13,12,-7.0,bearish,0,0,0,1,0
2019-07-22,10,10,-1.0,bearish,0,0,0,1,0
2019-07-23,36,33,4.0,bullish,1,0,0,0,1
2019-07-24,14,14,-0.7,neutral,1,0,0,0,1
2019-07-25,19,17,-8.0,bearish,1,0,0,0,0
2019-07-26,26,24,5.5,bullish,1,1,0,1,1
2019-07-27,3,2,0.0,neutral,0,0,0,0,0
2019-07-29,14,12,2.0,bullish,1,0,0,1,0
2019-07-30,29,24,-2.0,bearish,1,0,0,0,0
2019-07-31,28,24,12.5,bullish,1,1,0,1,1
2019-08-01,26,22,0.0,neutral,1,0,0,0,1
2019-08-02,25,23,-3.2,bearish,1,0,0,0,1
2019-08-05,13,13,-4.0,bearish,0,0,0,0,1
2019-08-06,27,22,-3.0,bearish,1,0,0,0,1
2019-08-07,19,15,2.0,bullish,1,0,0,1,1
2019-08-08,67,58,-13.0,bearish,1,0,0,0,1
2019-08-09,40,36,-10.0,bearish,1,0,0,0,1
2019-08-15,5,2,1.0,bullish,1,0,0,0,0
2019-08-16,9,9,-4.0,bearish,0,0,0,0,0
2019-08-19,3,3,2.0,bullish,0,0,0,0,1
2019-08-20,19,18,-7.0,bearish,0,0,0,0,1
2019-08-21,14,14,-2.0,bearish,0,0,0,0,1
2019-08-22,9,9,-3.0,bearish,0,0,0,0,1
2019-08-23,17,17,-9.0,bearish,0,0,0,0,0
2019-08-26,14,13,-4.0,bearish,0,0,0,0,1
2019-08-27,15,15,-5.0,bearish,0,0,0,0,0
2019-08-28,15,15,-6.0,bearish,0,0,0,0,1
2019-08-29,16,15,0.0,neutral,0,0,0,0,1
2019-09-02,10,9,-0.7,neutral,0,0,0,0,1
2019-09-03,11,11,2.3,bullish,0,0,0,0,1
2019-09-04,20,18,-8.0,bearish,0,0,0,0,0
2019-09-05,10,10,-6.0,bearish,0,0,0,0,1
2019-09-06,18,15,-11.0,bearish,0,0,0,0,1
2019-09-09,11,11,-2.0,bearish,0,0,0,0,0
2019-09-10,22,21,-2.5,bearish,0,0,1,0,1
2019-09-11,20,17,-1.5,bearish,0,1,0,0,1
2019-09-12,14,13,7.7,bullish,0,1,1,0,0
2019-09-13,17,16,4.2,bullish,0,0,1,0,1
2019-09-16,12,12,-3.8,bearish,0,0,1,0,1
2019-09-17,22,21,1.2,bullish,0,0,1,0,1
2019-09-18,29,27,2.2,bullish,0,0,1,0,1
2019-09-19,13,13,0.19999999999999996,neutral,0,0,1,0,1
2019-09-20,15,12,4.2,bullish,0,0,1,0,1
2019-09-23,15,14,0.19999999999999996,neutral,0,0,1,1,1
2019-09-24,22,21,13.2,bullish,0,0,1,1,1
2019-09-25,13,11,1.2,bullish,0,0,1,0,1
2019-09-26,10,7,3.2,bullish,0,0,1,0,1
2019-09-27,17,17,-0.8,neutral,0,0,1,1,1
2019-09-30,17,16,2.2,bullish,0,0,1,0,1
2019-10-01,15,15,-1.0,bearish,0,0,0,0,1
2019-10-02,9,9,3.2,bullish,0,0,1,0,0
2019-10-03,16,16,0.19999999999999996,neutral,0,0,1,0,1
2019-10-04,11,9,0.19999999999999996,neutral,0,0,1,0,0
2019-10-07,11,10,2.2,bullish,0,0,1,0,1
2019-10-08,25,24,3.2,bullish,0,0,1,0,1
2019-10-09,19,17,7.2,bullish,0,0,1,0,1
2019-10-10,8,8,0.19999999999999996,neutral,0,0,1,0,1
2019-10-11,18,13,0.0,neutral,0,0,0,0,1
2019-10-14,21,19,5.5,bullish,0,1,0,0,1
2019-10-15,24,23,-4.0,bearish,0,0,0,1,1
2019-10-16,15,14,-3.0,bearish,0,0,0,0,0
2019-10-17,15,15,3.0,bullish,0,0,0,0,0
2019-10-18,18,17,0.0,neutral,0,0,0,0,1
2019-10-21,18,17,-1.0,bearish,0,0,0,0,1
2019-10-22,11,10,-3.0,bearish,0,0,0,0,0
2019-10-23,12,12,-6.6,bearish,0,0,1,0,1
2019-10-24,21,17,-3.0,bearish,1,0,0,0,1
2019-10-25,37,33,7.2,bullish,1,0,1,0,1
2019-10-28,2,2,1.0,bullish,0,0,0,0,1
2019-10-30,21,15,8.4,bullish,1,0,1,1,1
2019-10-31,28,26,6.2,bullish,1,0,1,0,1
2019-11-01,36,34,7.0,bullish,0,0,0,0,1
2019-11-04,17,14,3.0,bullish,1,0,0,0,1
2019-11-05,28,23,-6.0,bearish,1,0,0,0,1
2019-11-06,43,36,0.19999999999999996,neutral,1,0,1,0,1
2019-11-07,15,12,2.0,bullish,1,0,0,0,1
2019-11-08,24,21,1.5,bullish,1,1,0,1,1
2019-11-11,21,18,1.0,bullish,1,0,0,1,1
2019-11-12,13,12,-5.0,bearish,0,0,0,1,1
2019-11-13,8,7,3.2,bullish,0,0,1,1,1
2019-11-14,18,18,9.7,bullish,0,1,1,0,1
2019-11-15,22,20,6.0,bullish,0,0,0,0,1
2019-11-18,17,13,3.0,bullish,0,0,0,0,1
2019-11-19,14,14,4.0,bullish,0,0,0,0,0
2019-11-20,9,9,3.5,bullish,0,1,0,0,0
2019-11-21,10,10,3.0,bullish,0,0,0,0,1
2019-11-22,18,17,3.0,bullish,0,0,0,0,1
2019-11-25,5,5,0.0,neutral,0,0,0,0,1
2019-11-26,6,5,2.2,bullish,0,0,1,0,0
2019-11-27,14,12,-0.6000000000000001,neutral,0,0,1,0,1
2019-11-28,4,4,2.2,bullish,0,0,1,0,0
2019-11-29,22,21,6.2,bullish,0,0,1,0,1
2019-11-30,2,2,2.0,bullish,0,0,0,0,0
2019-12-02,11,9,0.0,neutral,0,0,0,0,1
2019-12-03,8,8,0.0,neutral,0,0,0,0,1
2019-12-04,10,10,0.0,neutral,0,0,0,0,1
2019-12-05,13,12,1.2,bullish,0,0,1,0,1
2019-12-06,13,11,3.0,bullish,0,0,0,1,1
2019-12-09,11,11,0.0,neutral,0,0,0,0,1
2019-12-10,16,15,-1.0,bearish,0,0,0,0,1
2019-12-11,20,19,-0.8,neutral,0,0,0,0,0
2019-12-12,13,13,-1.0,bearish,0,0,0,0,0
2019-12-13,15,15,0.0,neutral,0,0,0,1,1
2019-12-16,15,14,2.2,bullish,0,0,1,0,1
2019-12-17,30,30,5.2,bullish,0,0,1,0,1
2019-12-18,32,31,5.2,bullish,0,0,1,1,1
2019-12-19,21,21,3.2,bullish,0,0,1,0,1
2019-12-20,32,30,6.2,bullish,0,0,1,0,1
2019-12-23,11,10,1.2,bullish,0,0,1,0,1
2019-12-24,24,22,7.2,bullish,0,0,1,0,1
2019-12-25,26,26,4.2,bullish,0,0,1,0,1
2019-12-26,19,18,-1.5999999999999999,bearish,0,0,1,0,1
2019-12-27,22,20,3.2,bullish,0,0,1,0,1
2019-12-30,19,16,1.2,bullish,0,0,1,0,1
2019-12-31,23,19,2.0,bullish,0,0,0,0,1
2020-01-01,2,0,0.0,neutral,0,0,0,0,0
2020-01-02,28,28,6.2,bullish,0,0,1,0,0
2020-01-03,27,24,3.2,bullish,0,0,1,0,1
2020-01-06,23,23,1.2,bullish,0,0,1,0,1
2020-01-07,12,10,3.2,bullish,0,0,1,1,1
2020-01-08,12,12,2.2,bullish,0,0,1,0,1
2020-01-09,7,7,1.0,bullish,0,0,0,0,1
2020-01-10,14,12,0.0,neutral,0,0,0,0,1
2020-01-13,13,13,3.0,bullish,0,0,0,0,1
2020-01-14,11,9,-2.0,bearish,0,0,0,0,1
2020-01-15,8,7,-2.0,bearish,0,0,0,0,1
2020-01-16,14,14,1.0,bullish,0,0,0,0,1
2020-01-17,16,15,-1.0,bearish,0,0,0,0,1
2020-01-20,25,24,12.2,bullish,0,0,1,0,1
2020-01-21,17,17,-0.8,neutral,0,0,1,0,1
2020-01-22,17,16,1.2,bullish,0,0,1,0,1
2020-01-23,12,10,1.2,bullish,0,0,1,0,0
2020-01-24,15,13,3.2,bullish,0,0,1,0,1
2020-01-25,3,3,-3.0,bearish,0,0,0,0,1
2020-01-27,13,12,0.19999999999999996,neutral,0,0,1,0,1
2020-01-28,11,11,2.2,bullish,0,0,1,0,1
2020-01-29,17,16,4.4,bullish,0,0,1,0,1
2020-01-30,26,21,6.2,bullish,1,0,1,0,1
2020-01-31,22,18,4.3,bullish,1,0,0,0,1
2020-02-03,19,18,3.0,bullish,0,0,0,1,1
2020-02-04,27,24,1.0,bullish,1,0,0,0,1
2020-02-05,16,14,1.4,bullish,0,0,1,0,1
2020-02-06,24,22,5.2,bullish,0,0,1,0,1
2020-02-07,26,21,2.5,bullish,1,1,0,0,1
2020-02-10,19,16,3.5,bullish,1,1,0,0,1
2020-02-11,23,19,1.0,bullish,1,0,0,0,1
2020-02-12,30,25,5.7,bullish,1,1,1,0,1
2020-02-13,27,23,2.7,bullish,1,1,1,0,1
2020-02-14,21,18,2.2,bullish,0,0,1,0,1
2020-02-17,20,19,2.2,bullish,0,0,1,0,1
2020-02-18,19,19,5.7,bullish,0,1,1,0,0
2020-02-19,19,19,5.2,bullish,0,0,1,0,1
2020-02-20,27,25,1.7,bullish,1,1,1,0,1
2020-02-21,32,26,6.0,bullish,0,1,0,0,1
2020-02-24,19,16,1.0,bullish,0,0,0,0,1
2020-02-25,18,16,4.5,bullish,1,1,0,0,1
2020-02-26,13,13,3.5,bullish,0,1,0,0,1
2020-02-27,19,17,3.5,bullish,1,1,0,0,1
2020-02-28,46,30,3.2,bullish,0,0,1,0,1
2020-02-29,4,3,0.0,neutral,0,0,0,0,0
2020-03-02,28,23,8.7,bullish,1,1,1,0,1
2020-03-03,29,28,3.5,bullish,1,1,0,0,1
2020-03-04,52,42,10.5,bullish,1,1,0,0,0
2020-03-05,45,41,24.9,bullish,1,1,1,0,1
2020-03-06,40,34,11.7,bullish,1,1,1,0,1
2020-03-09,33,25,16.9,bullish,1,1,1,0,1
2020-03-10,27,20,1.0,bullish,1,0,0,0,1
2020-03-11,23,20,5.4,bullish,0,0,1,1,1
2020-03-12,16,12,1.4,bullish,0,0,1,0,1
2020-03-13,63,28,23.9,bullish,1,1,1,0,1
2020-03-16,39,16,11.7,bullish,0,1,1,0,1
2020-03-17,74,40,31.4,bullish,0,1,1,0,1
2020-03-18,22,21,12.7,bullish,0,1,1,0,1
2020-03-19,25,19,6.4,bullish,0,0,1,0,1
2020-03-20,31,25,15.799999999999997,bullish,0,0,1,1,1
2020-03-22,1,1,-2.0,bearish,0,0,0,0,0
2020-03-23,31,28,39.2,bullish,0,1,1,0,1
2020-03-24,22,21,21.2,bullish,0,1,1,0,1
2020-03-25,18,15,6.4,bullish,0,0,1,0,1
2020-03-26,27,23,31.4,bullish,0,1,1,0,1
2020-03-27,45,33,48.0,bullish,0,1,0,1,1
2020-03-30,26,21,3.2,bullish,0,0,1,1,1
2020-03-31,30,27,26.0,bullish,0,1,0,0,1
2020-04-01,27,23,6.5,bullish,0,1,0,0,1
2020-04-02,36,25,28.7,bullish,0,1,1,0,1
2020-04-03,22,21,2.0,bullish,0,0,0,0,0
2020-04-04,1,1,4.0,bullish,0,0,0,0,0
2020-04-06,17,17,12.8,bullish,0,0,0,0,0
2020-04-07,24,20,15.0,bullish,0,1,0,0,1
2020-04-08,14,13,9.0,bullish,0,0,0,0,1
2020-04-09,22,20,6.2,bullish,0,0,1,0,0
2020-04-10,14,13,11.0,bullish,0,0,0,0,1
2020-04-13,21,20,-7.0,bearish,0,0,0,0,1
2020-04-14,28,26,21.8,bullish,0,0,0,0,1
2020-04-15,30,13,-1.0,bearish,0,0,0,0,0
2020-04-16,30,26,-7.0,bearish,0,0,0,1,1
2020-04-17,24,22,4.0,bullish,0,0,0,0,1
2020-04-20,7,6,-5.0,bearish,0,0,0,0,0
2020-04-21,19,17,0.0,neutral,0,0,0,0,1
2020-04-22,37,35,-5.0,bearish,1,0,0,0,1
2020-04-23,7,6,7.0,bullish,0,0,0,0,1
2020-04-24,14,13,-5.0,bearish,1,0,0,0,0
2020-04-26,1,0,0.0,neutral,0,0,0,0,0
2020-04-27,72,70,198.0000000000001,bullish,0,0,0,0,1
2020-04-28,27,22,3.5,bullish,1,1,0,0,1
2020-04-29,31,25,10.5,bullish,1,1,0,0,1
2020-04-30,52,41,-17.0,bearish,1,0,0,0,1
2020-05-01,2,1,0.0,neutral,0,0,0,0,0
2020-05-04,28,23,-6.5,bearish,1,1,0,0,1
2020-05-05,25,23,10.7,bullish,0,1,1,0,1
2020-05-06,29,27,-7.0,bearish,1,0,0,0,1
2020-05-07,20,16,3.0,bullish,1,0,0,0,1
2020-05-08,20,17,4.0,bullish,1,0,0,0,0
2020-05-11,35,31,-4.0,bearish,1,0,0,0,1
2020-05-12,23,21,-3.8,bearish,0,0,1,0,0
2020-05-13,24,21,-1.8,bearish,1,0,1,0,1
2020-05-14,23,21,-4.0,bearish,1,0,0,1,1
2020-05-15,35,33,9.8,bullish,1,0,0,0,1
2020-05-18,12,12,-8.0,bearish,0,0,0,0,1
2020-05-19,2,2,-2.0,bearish,0,0,0,1,0
2020-05-20,20,19,-8.0,bearish,0,0,0,1,1
2020-05-21,15,12,2.8,bullish,1,0,0,1,1
2020-05-22,31,27,4.0,bullish,1,0,0,0,1
2020-05-23,1,1,0.0,neutral,0,0,0,0,0
2020-05-27,13,13,6.0,bullish,0,0,0,0,1
2020-05-28,28,26,9.5,bullish,1,1,0,0,1
2020-05-29,23,21,3.0,bullish,1,0,0,0,1
2020-06-01,12,10,-3.0,bearish,0,0,0,0,1
2020-06-02,24,21,-1.2,bearish,1,0,0,1,1
2020-06-03,8,7,-4.0,bearish,0,0,0,0,0
2020-06-04,22,20,-6.0,bearish,0,0,0,0,1
2020-06-05,28,27,1.0,bullish,0,0,0,0,0
2020-06-08,10,10,0.0,neutral,0,0,0,0,0
2020-06-09,33,33,-1.8,bearish,0,0,0,0,0
2020-06-10,17,14,0.0,neutral,0,0,0,0,0
2020-06-11,23,23,-5.0,bearish,0,0,0,0,1
2020-06-12,18,17,-2.0,bearish,0,0,0,0,0
2020-06-15,7,7,-1.0,bearish,0,0,0,0,1
2020-06-16,11,10,-0.5,neutral,0,1,0,1,1
2020-06-17,21,20,-2.0,bearish,0,0,0,1,1
2020-06-18,23,22,-5.0,bearish,0,0,0,0,1
2020-06-19,38,36,28.7,bullish,0,1,1,0,1
2020-06-22,23,21,-1.5,bearish,0,1,0,0,1
2020-06-23,14,12,-4.0,bearish,0,0,0,0,1
2020-06-24,9,9,-8.0,bearish,0,0,0,0,0
2020-06-25,17,17,-8.0,bearish,0,0,0,1,0
2020-06-26,13,12,-2.0,bearish,0,0,0,0,0
2020-06-29,10,10,4.8,bullish,0,0,0,0,1
2020-06-30,25,22,3.5,bullish,0,1,0,0,1
2020-07-01,15,13,-7.0,bearish,0,0,0,0,1
2020-07-02,17,15,3.0,bullish,0,0,0,0,0
2020-07-03,15,13,11.3,bullish,0,1,0,1,0
2020-07-06,12,10,-1.0,bearish,0,0,0,0,1
2020-07-07,23,23,-5.0,bearish,0,0,0,0,1
2020-07-08,4,4,-4.8,bearish,0,0,0,0,1
2020-07-09,13,7,6.7,bullish,0,1,0,0,0
2020-07-10,22,17,1.8,bullish,0,0,0,0,1
2020-07-13,11,10,6.5,bullish,0,1,0,0,1
2020-07-14,52,52,103.19999999999997,bullish,0,1,0,0,1
2020-07-15,1,1,0.0,neutral,0,0,0,0,1
2020-07-16,9,9,3.0,bullish,0,0,0,0,1
2020-07-17,28,27,11.5,bullish,0,1,0,0,1
2020-07-20,10,6,-1.0,bearish,0,0,0,0,0
2020-07-21,20,15,14.5,bullish,0,1,0,0,1
2020-07-22,24,21,10.5,bullish,0,1,0,0,1
2020-07-23,18,17,-4.0,bearish,1,0,0,0,0
2020-07-24,123,119,122.09999999999994,bullish,1,0,0,0,1
2020-07-25,3,3,13.5,bullish,0,1,0,0,0
2020-07-27,21,20,17.3,bullish,1,1,0,0,1
2020-07-28,39,25,10.5,bullish,1,1,0,0,1
2020-07-29,33,23,3.0,bullish,1,0,0,1,1
2020-07-30,4,4,-3.0,bearish,0,0,0,0,1
2020-07-31,1,0,0.0,neutral,0,0,0,0,0
2020-08-04,55,26,13.0,bullish,1,0,0,0,1
2020-08-05,12,7,8.0,bullish,0,0,0,0,1
2020-08-06,40,18,12.0,bullish,1,0,0,0,1
2020-08-07,50,32,28.999999999999996,bullish,1,0,1,0,1
2020-08-10,12,10,8.7,bullish,0,1,1,0,1
2020-08-11,12,11,12.2,bullish,1,0,1,0,1
2020-08-12,31,24,5.4,bullish,1,0,1,0,1
2020-08-13,30,20,3.2,bullish,1,0,1,0,1
2020-08-14,18,15,7.4,bullish,0,0,1,0,1
2020-08-17,10,8,-0.8,neutral,1,0,1,0,0
2020-08-18,16,12,4.2,bullish,1,0,1,0,0
2020-08-19,10,9,9.2,bullish,0,0,1,0,1
2020-08-20,6,6,-7.6,bearish,0,0,0,0,1
2020-08-21,21,15,-1.0,bearish,0,0,0,1,1
2020-08-24,10,8,2.2,bullish,0,0,1,0,1
2020-08-25,14,12,1.2,bullish,0,0,1,0,1
2020-08-26,22,21,14.399999999999999,bullish,0,0,1,1,1
2020-08-27,11,11,16.599999999999998,bullish,0,0,1,0,1
2020-08-28,19,19,8.7,bullish,0,0,1,1,1
2020-08-31,17,16,13.399999999999999,bullish,0,0,1,1,1
2020-09-01,7,7,12.599999999999998,bullish,0,0,1,0,1
2020-09-02,11,10,2.2,bullish,0,0,1,1,1
2020-09-03,17,14,16.4,bullish,0,0,1,0,1
2020-09-04,17,14,0.19999999999999996,neutral,0,0,1,0,1
2020-09-07,5,4,6.2,bullish,0,0,1,0,1
2020-09-08,7,6,2.2,bullish,0,0,1,0,1
2020-09-09,10,10,9.7,bullish,0,1,1,0,0
2020-09-10,5,5,1.2,bullish,0,0,1,0,1
2020-09-11,7,5,2.2,bullish,0,0,1,0,1
2020-09-14,6,6,1.2,bullish,0,0,1,0,1
2020-09-15,9,7,-2.0,bearish,0,0,0,1,1
2020-09-16,15,15,-9.0,bearish,0,0,0,1,1
2020-09-17,17,17,8.799999999999999,bullish,0,0,1,1,1
2020-09-18,16,14,-1.0,bearish,0,0,0,1,1
2020-09-21,15,12,6.2,bullish,0,0,1,0,1
2020-09-22,6,5,-2.0,bearish,0,0,0,0,0
2020-09-23,7,7,6.2,bullish,0,0,1,0,0
2020-09-24,28,22,19.3,bullish,0,1,1,0,1
2020-09-25,22,18,3.2,bullish,0,0,1,0,1
2020-09-28,8,8,4.2,bullish,0,0,1,0,0
2020-09-29,9,6,8.2,bullish,0,0,1,0,1
2020-09-30,30,30,35.5,bullish,0,0,0,0,1
2020-10-01,14,13,5.2,bullish,0,0,1,0,1
2020-10-02,19,17,14.7,bullish,0,1,1,0,1
2020-10-03,1,1,1.0,bullish,0,0,0,0,0
2020-10-05,16,16,-2.8,bearish,0,0,1,0,1
2020-10-06,9,8,0.0,neutral,0,0,0,0,1
2020-10-07,11,8,-1.0,bearish,0,0,0,0,1
2020-10-08,15,14,4.0,bullish,0,0,0,0,1
2020-10-09,6,5,0.8,neutral,0,0,0,0,1
2020-10-12,10,9,3.0,bullish,0,0,0,0,1
2020-10-13,9,9,-8.0,bearish,0,0,0,0,1
2020-10-14,8,7,8.0,bullish,0,0,0,0,1
2020-10-15,15,14,4.2,bullish,0,0,1,0,0
2020-10-16,11,11,-3.0,bearish,0,0,0,0,0
2020-10-19,11,11,4.8,bullish,0,0,0,1,0
2020-10-20,13,11,-3.0,bearish,0,0,0,1,1
2020-10-21,10,10,5.7,bullish,0,1,0,0,1
2020-10-22,34,25,11.0,bullish,1,0,0,0,1
2020-10-23,18,16,5.0,bullish,1,0,0,0,1
2020-10-26,44,26,-5.8,bearish,1,0,1,1,1
2020-10-27,23,16,-1.8,bearish,1,0,1,0,1
2020-10-28,13,13,-1.5999999999999999,bearish,0,0,1,0,1
2020-10-29,1,1,-1.0,bearish,0,0,0,1,0
2020-10-30,11,10,-0.8,neutral,0,0,1,0,1
2020-11-02,10,8,6.2,bullish,1,0,1,0,1
2020-11-03,14,11,7.2,bullish,1,0,1,0,1
2020-11-04,17,15,1.4,bullish,1,0,1,0,1
2020-11-05,22,17,0.19999999999999996,neutral,1,0,1,0,1
2020-11-06,32,23,4.0,bullish,1,0,0,0,1
2020-11-09,22,18,0.19999999999999996,neutral,1,0,1,0,1
2020-11-10,5,5,-1.0,bearish,0,0,0,0,1
2020-11-11,8,7,5.5,bullish,0,1,0,0,1
2020-11-12,4,3,5.8,bullish,0,0,0,0,0
2020-11-13,34,31,0.0,neutral,0,0,0,0,1
2020-11-16,20,20,9.0,bullish,0,0,0,0,1
2020-11-17,16,12,9.0,bullish,0,0,0,0,1
2020-11-18,4,4,6.8,bullish,0,0,0,0,0
2020-11-19,12,11,8.0,bullish,0,0,0,0,1
2020-11-20,12,11,6.0,bullish,0,0,0,0,1
2020-11-23,14,7,-3.0,bearish,0,0,0,1,1
2020-11-24,9,8,-1.0,bearish,0,0,0,0,0
2020-11-25,14,13,-2.0,bearish,0,0,0,0,1
2020-11-26,10,9,3.2,bullish,0,0,1,0,1
2020-11-27,15,14,2.2,bullish,0,0,0,0,1
2020-11-30,11,8,4.0,bullish,0,0,0,0,0
2020-12-01,3,2,-1.0,bearish,0,0,0,0,1
2020-12-02,10,10,-2.0,bearish,0,0,0,0,1
2020-12-03,4,4,-1.0,bearish,0,0,0,0,0
2020-12-04,20,19,5.2,bullish,0,0,1,0,1
2020-12-07,6,6,-3.0,bearish,0,0,0,0,1
2020-12-08,18,13,0.0,neutral,0,0,0,1,0
2020-12-09,33,31,-36.0,bearish,0,0,0,0,1
2020-12-10,5,5,10.5,bullish,0,1,0,1,1
2020-12-11,12,12,0.0,neutral,0,0,0,1,0
2020-12-14,12,12,4.0,bullish,0,0,0,0,1
2020-12-15,8,6,1.0,bullish,0,0,0,0,0
2020-12-16,13,13,4.0,bullish,0,0,0,0,1
2020-12-17,21,20,1.0,bullish,0,0,0,0,1
2020-12-18,10,10,3.0,bullish,0,0,0,0,1
2020-12-21,11,10,1.0,bullish,0,0,0,0,0
2020-12-22,14,14,-1.0,bearish,0,0,0,0,1
2020-12-23,52,49,-7.0,bearish,0,0,0,1,1
2020-12-24,20,20,-4.0,bearish,0,0,0,0,1
2020-12-25,12,12,-2.0,bearish,0,0,0,0,1
2020-12-28,19,17,-1.0,bearish,0,0,0,0,1
2020-12-29,16,16,-2.0,bearish,0,0,0,0,1
2020-12-30,9,9,-2.0,bearish,0,0,0,0,0
2020-12-31,17,16,2.0,bullish,0,0,0,0,1
2021-01-04,20,20,6.0,bullish,0,0,0,0,1
2021-01-05,35,32,6.0,bullish,0,0,0,0,1
2021-01-06,11,9,7.5,bullish,0,1,0,0,1
2021-01-07,34,33,-1.0,bearish,0,0,0,0,1
2021-01-08,28,26,-3.0,bearish,0,0,0,0,1
2021-01-11,11,11,0.0,neutral,0,0,0,0,1
2021-01-12,5,4,3.0,bullish,0,0,0,0,1
2021-01-13,8,7,-2.8,bearish,0,0,0,0,1
2021-01-14,19,15,1.0,bullish,0,0,0,0,0
2021-01-15,12,11,8.0,bullish,0,0,0,0,1
2021-01-18,7,6,3.0,bullish,0,0,0,0,1
2021-01-19,13,12,3.0,bullish,0,0,0,0,1
2021-01-20,22,20,-4.0,bearish,0,0,0,0,1
2021-01-21,15,13,-2.0,bearish,0,0,0,0,1
2021-01-22,24,19,-4.0,bearish,0,0,0,0,1
2021-01-25,11,8,4.5,bullish,1,1,0,0,0
2021-01-26,12,10,5.0,bullish,0,0,0,0,0
2021-01-27,17,7,-1.0,bearish,0,0,0,0,0
2021-01-28,13,10,-4.0,bearish,1,0,0,0,1
2021-01-29,20,16,12.0,bullish,0,0,0,0,1
2021-01-30,1,1,0.0,neutral,0,0,0,0,1
2021-02-01,9,7,3.0,bullish,1,0,0,0,1
2021-02-02,20,16,3.0,bullish,1,0,0,0,1
2021-02-03,25,19,10.0,bullish,1,0,0,0,1
2021-02-04,13,12,-3.5999999999999996,bearish,0,0,0,0,1
2021-02-05,18,16,-3.0,bearish,0,0,0,0,1
2021-02-07,1,1,2.0,bullish,0,0,0,0,0
2021-02-08,17,14,3.0,bullish,1,0,0,0,0
2021-02-09,12,10,6.0,bullish,1,0,0,0,0
2021-02-10,14,11,7.5,bullish,1,1,0,0,0
2021-02-11,24,20,15.5,bullish,1,1,0,0,1
2021-02-12,20,17,6.0,bullish,0,0,0,0,1
2021-02-15,17,16,0.0,neutral,1,0,0,0,1
2021-02-16,32,28,9.5,bullish,1,1,0,0,1
2021-02-17,18,17,3.5,bullish,0,1,0,1,0
2021-02-18,12,11,-5.0,bearish,0,0,0,0,0
2021-02-19,25,21,36.5,bullish,1,1,0,0,1
2021-02-22,12,10,1.0,bullish,0,0,0,0,1
2021-02-23,28,21,16.0,bullish,1,0,0,0,1
2021-02-24,28,24,32.0,bullish,1,1,0,0,1
2021-02-25,37,28,38.0,bullish,1,1,0,0,1
2021-02-26,36,33,11.7,bullish,0,1,1,1,1
2021-02-27,4,3,2.0,bullish,0,0,0,0,0
2021-02-28,1,1,-1.0,bearish,0,0,0,1,0
2021-03-01,27,24,7.5,bullish,1,1,0,1,1
2021-03-02,31,28,30.0,bullish,1,0,0,1,1
2021-03-03,10,9,8.5,bullish,0,1,0,0,1
2021-03-04,31,24,35.0,bullish,1,1,0,0,1
2021-03-05,14,13,12.5,bullish,1,1,0,0,1
2021-03-06,5,3,0.0,neutral,1,0,0,0,0
2021-03-08,25,22,36.0,bullish,1,1,0,0,1
2021-03-09,23,18,10.0,bullish,0,0,0,0,1
2021-03-10,24,21,10.5,bullish,1,1,0,0,1
2021-03-11,35,27,12.0,bullish,0,0,0,0,0
2021-03-12,8,7,0.0,neutral,0,0,0,0,1
2021-03-15,20,20,4.5,bullish,0,1,0,1,1
2021-03-16,15,15,27.2,bullish,0,1,1,0,1
2021-03-17,21,21,21.0,bullish,0,1,0,1,1
2021-03-18,16,12,13.5,bullish,0,1,0,0,1
2021-03-19,16,14,18.7,bullish,0,1,1,0,1
2021-03-22,20,15,31.2,bullish,0,1,1,1,1
2021-03-23,17,14,23.7,bullish,0,1,1,0,0
2021-03-24,16,16,24.7,bullish,0,1,1,0,1
2021-03-25,32,29,47.5,bullish,0,1,0,0,1
2021-03-26,33,25,13.5,bullish,0,1,0,0,1
2021-03-29,12,11,7.0,bullish,0,0,0,0,1
2021-03-30,33,31,59.7,bullish,0,1,1,0,1
2021-03-31,39,38,50.0,bullish,0,1,0,1,1
2021-04-01,17,15,11.0,bullish,0,0,0,0,1
2021-04-02,32,28,29.8,bullish,0,0,0,0,1
2021-04-05,13,11,15.8,bullish,0,0,0,0,0
2021-04-06,9,9,8.0,bullish,0,0,0,0,1
2021-04-07,15,14,5.4,bullish,0,0,0,0,1
2021-04-08,10,10,-4.0,bearish,0,0,0,0,0
2021-04-09,37,33,44.7,bullish,0,1,1,0,1
2021-04-10,1,1,0.0,neutral,0,0,0,0,1
2021-04-12,25,21,14.0,bullish,0,0,0,0,1
2021-04-13,22,17,0.0,neutral,0,0,0,0,1
2021-04-14,9,7,2.0,bullish,0,0,0,0,0
2021-04-15,19,18,14.2,bullish,0,1,0,0,1
2021-04-16,17,14,10.0,bullish,0,0,0,0,1
2021-04-19,17,13,2.0,bullish,0,0,0,1,0
2021-04-20,15,11,-1.0,bearish,0,0,0,0,1
2021-04-21,17,8,-1.0,bearish,0,0,0,0,0
2021-04-22,12,12,7.0,bullish,0,0,0,0,1
2021-04-26,33,31,27.1,bullish,1,1,0,0,1
2021-04-27,20,15,20.5,bullish,1,1,0,0,1
2021-04-28,15,13,15.5,bullish,1,1,0,0,0
2021-04-29,21,17,14.0,bullish,1,0,0,0,1
2021-04-30,37,28,2.0,bullish,1,0,0,0,1
2021-05-03,15,12,-2.0,bearish,1,0,0,0,1
2021-05-04,11,11,1.0,bullish,0,0,0,1,1
2021-05-05,27,23,8.0,bullish,1,0,0,1,1
2021-05-06,23,17,0.0,neutral,1,0,0,1,1
2021-05-07,21,15,2.0,bullish,1,0,0,0,1
2021-05-10,19,18,-4.0,bearish,1,0,0,0,1
2021-05-11,24,21,-3.0,bearish,1,0,0,0,1
2021-05-12,5,4,-2.0,bearish,0,0,0,0,0
2021-05-17,20,16,7.5,bullish,0,1,0,1,1
2021-05-18,10,10,-3.0,bearish,0,0,0,0,0
2021-05-20,9,9,5.3,bullish,0,0,0,1,0
2021-05-21,15,14,10.8,bullish,0,0,0,1,1
2021-05-22,1,1,2.0,bullish,0,0,0,0,0
2021-05-24,6,5,7.0,bullish,0,0,0,0,0
2021-05-25,19,15,22.2,bullish,0,1,0,0,1
2021-05-26,14,13,14.5,bullish,0,1,0,0,1
2021-05-27,15,13,0.0,neutral,0,0,0,0,1
2021-05-28,17,16,0.0,neutral,0,0,0,1,1
2021-05-31,9,8,0.0,neutral,0,0,0,1,0
2021-06-01,16,12,7.0,bullish,0,0,0,1,1
2021-06-02,8,8,4.0,bullish,0,0,0,0,1
2021-06-03,9,8,10.0,bullish,0,0,0,0,1
2021-06-04,4,4,3.0,bullish,0,0,0,0,0
2021-06-07,8,7,-1.0,bearish,0,0,0,0,1
2021-06-08,4,3,2.0,bullish,0,0,0,0,1
2021-06-09,12,11,-4.8,bearish,0,0,0,0,0
2021-06-10,7,7,6.0,bullish,0,0,0,1,0
2021-06-11,7,6,-1.0,bearish,0,0,0,0,0
2021-06-14,14,12,-12.0,bearish,0,0,0,0,1
2021-06-15,5,5,-2.0,bearish,0,0,0,0,1
2021-06-16,5,3,0.0,neutral,0,0,0,0,1
2021-06-17,3,3,0.0,neutral,0,0,0,0,1
2021-06-18,27,25,3.0,bullish,0,0,0,0,1
2021-06-21,10,9,4.0,bullish,0,0,0,0,1
2021-06-22,8,8,0.0,neutral,0,0,0,0,1
2021-06-23,14,12,9.0,bullish,0,0,0,1,1
2021-06-24,8,8,-1.0,bearish,0,0,0,0,0
2021-06-25,12,11,2.0,bullish,0,0,0,1,1
2021-06-28,7,4,3.0,bullish,0,0,0,0,0
2021-06-29,12,12,8.5,bullish,0,1,0,0,0
2021-06-30,17,15,10.399999999999999,bullish,0,0,1,0,1
2021-07-01,26,22,13.399999999999999,bullish,0,0,1,0,1
2021-07-02,27,23,6.2,bullish,0,0,1,1,1
2021-07-05,12,11,0.0,neutral,0,0,0,0,1
2021-07-06,16,14,12.0,bullish,0,0,0,0,1
2021-07-07,18,16,3.2,bullish,0,0,0,0,1
2021-07-08,12,11,-4.0,bearish,0,0,0,0,1
2021-07-09,19,17,-1.0,bearish,0,0,0,1,1
2021-07-12,37,35,-3.8,bearish,0,0,1,0,1
2021-07-13,9,9,10.599999999999998,bullish,0,0,1,0,1
2021-07-14,16,15,2.0,bullish,0,0,0,0,1
2021-07-15,1,1,-1.0,bearish,0,0,0,0,0
2021-07-16,9,8,3.2,bullish,0,0,1,0,1
2021-07-19,1,1,4.2,bullish,0,0,1,0,0
2021-07-26,10,9,3.2,bullish,0,0,1,0,0
2021-07-27,11,10,4.2,bullish,1,0,1,1,1
2021-07-28,19,15,4.6000000000000005,bullish,1,0,1,0,1
2021-07-29,15,13,-5.0,bearish,1,0,0,0,1
2021-07-30,21,18,7.2,bullish,1,0,1,0,1
2021-07-31,1,1,0.0,neutral,0,0,0,0,0
2021-08-02,13,10,-1.0,bearish,1,0,0,1,1
2021-08-03,9,9,-1.0,bearish,0,0,0,0,1
2021-08-04,6,6,3.0,bullish,0,0,0,0,1
2021-08-05,18,18,-13.0,bearish,0,0,0,0,1
2021-08-06,19,15,4.2,bullish,1,0,1,0,1
2021-08-07,1,1,0.0,neutral,0,0,0,0,1
2021-08-09,25,19,1.0,bullish,1,0,0,0,1
2021-08-10,17,13,-0.6000000000000001,neutral,1,0,1,0,1
2021-08-11,16,14,2.2,bullish,1,0,1,0,1
2021-08-12,26,20,3.2,bullish,1,0,1,0,1
2021-08-13,25,21,14.599999999999998,bullish,1,0,1,0,1
2021-08-16,6,6,-1.0,bearish,0,0,0,1,0
2021-08-17,16,14,-3.0,bearish,1,0,0,0,1
2021-08-18,11,9,13.5,bullish,1,1,0,0,1
2021-08-19,17,15,-3.0,bearish,0,0,0,0,1
2021-08-20,15,13,5.3,bullish,0,0,0,1,1
2021-08-23,6,2,-1.0,bearish,0,0,0,0,1
2021-08-24,9,9,-1.0,bearish,0,0,0,0,1
2021-08-25,6,4,2.2,bullish,0,0,1,0,1
2021-08-26,13,12,4.5,bullish,0,0,1,0,1
2021-08-27,9,8,3.2,bullish,0,0,1,0,1
2021-08-31,15,15,3.2,bullish,0,0,1,1,1
2021-09-01,7,6,10.2,bullish,0,0,1,0,1
2021-09-02,18,14,0.0,neutral,0,0,0,0,1
2021-09-03,13,12,6.2,bullish,0,0,1,0,1
2021-09-06,7,7,0.0,neutral,0,0,0,0,0
2021-09-07,6,5,-2.8,bearish,0,0,1,0,1
2021-09-08,13,12,1.2,bullish,0,0,1,0,1
2021-09-09,17,17,19.4,bullish,0,0,1,1,1
2021-09-10,6,5,6.2,bullish,0,0,1,0,1
2021-09-13,6,6,1.0,bullish,0,0,0,1,1
2021-09-14,11,8,13.2,bullish,0,0,1,0,1
2021-09-15,15,14,-5.8,bearish,0,0,0,0,1
2021-09-16,24,22,7.6000000000000005,bullish,0,0,1,0,1
2021-09-17,25,21,23.099999999999998,bullish,0,1,1,0,1
2021-09-20,14,13,16.4,bullish,0,0,1,0,1
2021-09-21,9,8,5.2,bullish,0,0,1,1,0
2021-09-22,8,7,7.4,bullish,0,0,1,0,0
2021-09-23,8,8,3.2,bullish,0,0,1,0,1
2021-09-24,9,9,6.2,bullish,0,0,1,1,0
2021-09-27,13,11,7.4,bullish,0,0,1,0,1
2021-09-28,5,5,10.2,bullish,0,0,1,0,1
2021-09-29,15,14,11.399999999999999,bullish,0,0,1,1,1
2021-09-30,17,15,6.5,bullish,0,0,1,0,1
2021-10-01,16,13,2.0,bullish,0,0,0,0,1
2021-10-02,1,0,0.0,neutral,0,0,0,0,0
2021-10-04,12,11,4.4,bullish,0,0,1,0,0
2021-10-05,5,5,4.0,bullish,0,0,0,0,1
2021-10-06,7,6,11.399999999999999,bullish,0,0,1,0,1
2021-10-07,23,22,8.6,bullish,0,0,1,0,1
2021-10-08,16,13,5.0,bullish,0,0,0,0,1
2021-10-11,6,5,-6.0,bearish,0,0,0,0,1
2021-10-12,9,9,10.2,bullish,0,0,1,1,1
2021-10-13,6,5,3.2,bullish,0,0,1,0,1
2021-10-14,10,10,0.0,neutral,0,0,0,0,1
2021-10-15,22,21,2.2,bullish,0,0,1,0,1
2021-10-18,12,12,9.5,bullish,0,1,0,0,1
2021-10-19,7,7,3.2,bullish,0,0,1,0,1
2021-10-20,5,5,1.2,bullish,0,0,1,1,1
2021-10-21,20,17,6.4,bullish,1,0,1,0,1
2021-10-22,5,5,0.0,neutral,0,0,0,0,0
2021-10-25,7,7,-1.0,bearish,0,0,0,1,0
2021-10-26,31,24,4.2,bullish,1,0,1,1,1
2021-10-27,41,35,6.0,bullish,1,0,0,1,1
2021-10-28,5,5,-3.5999999999999996,bearish,0,0,0,0,1
2021-10-29,1,1,-5.0,bearish,0,0,0,0,1
2021-10-30,2,2,-4.0,bearish,0,0,0,0,1
2021-10-31,1,0,0.0,neutral,0,0,0,0,0
2021-11-01,24,18,-2.0,bearish,1,0,0,0,1
2021-11-02,24,20,2.2,bullish,1,0,1,0,1
2021-11-03,15,10,7.0,bullish,1,0,0,0,1
2021-11-04,41,35,-7.0,bearish,1,0,0,0,1
2021-11-05,33,26,-2.5,bearish,1,1,0,0,1
2021-11-08,22,18,-3.0,bearish,1,0,0,0,1
2021-11-09,18,16,17.2,bullish,1,0,1,0,1
2021-11-10,6,6,5.0,bullish,0,0,0,0,1
2021-11-11,12,11,-2.0,bearish,0,0,0,0,1
2021-11-12,23,22,2.2,bullish,0,0,0,0,1
2021-11-15,14,12,3.0,bullish,0,0,0,1,1
2021-11-16,15,11,2.0,bullish,0,0,0,0,1
2021-11-17,14,14,18.9,bullish,0,1,1,1,0
2021-11-18,7,7,10.399999999999999,bullish,0,0,1,0,1
2021-11-19,14,10,15.0,bullish,0,0,0,0,1
2021-11-20,2,2,1.0,bullish,0,0,0,0,1
2021-11-22,10,9,10.2,bullish,0,0,1,0,0
2021-11-23,17,16,7.0,bullish,0,0,0,0,1
2021-11-24,22,18,19.2,bullish,0,0,1,0,1
2021-11-25,24,22,-1.0,bearish,0,0,0,1,1
2021-11-26,35,30,5.2,bullish,0,0,1,0,1
2021-11-29,14,10,-1.0,bearish,0,0,0,0,1
2021-11-30,9,5,1.0,bullish,0,0,0,0,0
2021-12-01,7,6,5.0,bullish,0,0,0,0,0
2021-12-02,6,5,-2.0,bearish,0,0,0,0,1
2021-12-03,8,8,-3.0,bearish,0,0,0,1,1
2021-12-06,29,24,4.2,bullish,0,0,1,0,1
2021-12-07,12,11,7.6000000000000005,bullish,0,0,1,0,0
2021-12-08,17,15,3.2,bullish,0,0,1,1,0
2021-12-09,11,8,4.4,bullish,0,0,1,1,0
2021-12-10,19,15,11.2,bullish,0,0,1,1,1
2021-12-13,8,8,-7.0,bearish,0,0,0,1,1
2021-12-14,24,22,10.2,bullish,0,0,1,1,1
2021-12-15,13,12,2.2,bullish,0,0,1,1,1
2021-12-16,12,11,-4.0,bearish,0,0,0,1,1
2021-12-17,57,22,4.2,bullish,0,0,1,1,1
2021-12-18,1,1,0.0,neutral,0,0,0,0,0
2021-12-20,31,26,10.399999999999999,bullish,0,0,1,0,1
2021-12-21,48,10,13.599999999999998,bullish,0,0,1,1,1
2021-12-22,38,33,29.099999999999998,bullish,0,1,1,1,1
2021-12-23,50,24,6.6000000000000005,bullish,0,0,1,0,1
2021-12-24,27,26,5.2,bullish,0,0,1,1,1
2021-12-25,1,1,-1.0,bearish,0,0,0,0,1
2021-12-27,16,14,7.4,bullish,0,0,1,0,1
2021-12-28,30,13,10.2,bullish,0,0,1,0,1
2021-12-29,18,17,14.3,bullish,0,0,0,1,1
2021-12-30,27,22,3.4000000000000004,bullish,0,0,1,1,1
2021-12-31,23,21,5.2,bullish,0,0,1,0,1
2022-01-01,2,1,1.0,bullish,0,0,0,0,1
2022-01-03,10,8,11.399999999999999,bullish,0,0,1,0,1
2022-01-04,13,10,11.399999999999999,bullish,0,0,1,0,1
2022-01-05,12,11,19.599999999999998,bullish,0,0,1,0,1
2022-01-06,9,8,8.4,bullish,0,0,1,0,1
2022-01-07,32,31,3.4000000000000004,bullish,0,0,1,0,1
2022-01-10,16,14,5.4,bullish,0,0,1,0,1
2022-01-11,8,8,4.2,bullish,0,0,1,0,1
2022-01-12,12,12,14.399999999999999,bullish,0,0,1,0,1
2022-01-13,11,11,4.4,bullish,0,0,1,0,1
2022-01-14,17,14,11.599999999999998,bullish,0,0,1,0,1
2022-01-17,16,13,7.2,bullish,0,0,1,0,1
2022-01-18,30,10,17.4,bullish,0,0,1,0,1
2022-01-19,8,8,11.399999999999999,bullish,0,0,1,0,1
2022-01-20,16,8,8.4,bullish,0,0,1,0,1
2022-01-21,13,13,13.399999999999999,bullish,0,0,1,0,1
2022-01-24,24,7,12.599999999999998,bullish,0,0,1,0,1
2022-01-25,3,2,4.2,bullish,0,0,1,0,0
2022-01-26,16,15,8.4,bullish,1,0,1,1,0
2022-01-27,17,16,2.2,bullish,0,0,1,0,1
2022-01-28,11,11,6.4,bullish,0,0,1,0,1
2022-01-31,15,12,12.399999999999999,bullish,0,0,1,0,1
2022-02-01,11,9,4.2,bullish,1,0,1,0,0
2022-02-02,16,14,11.399999999999999,bullish,1,0,1,0,1
2022-02-03,23,18,5.4,bullish,1,0,1,0,1
2022-02-04,15,15,3.4000000000000004,bullish,0,0,1,0,1
2022-02-07,13,11,13.399999999999999,bullish,0,0,1,0,1
2022-02-08,11,8,6.6000000000000005,bullish,1,0,1,0,0
2022-02-09,3,3,8.4,bullish,0,0,1,0,0
2022-02-10,18,16,2.2,bullish,1,0,1,0,1
2022-02-11,16,16,10.399999999999999,bullish,0,0,1,0,1
2022-02-14,21,19,20.9,bullish,1,1,1,1,1
2022-02-15,22,19,5.5,bullish,1,1,0,0,1
2022-02-16,11,9,1.5,bullish,1,1,0,0,1
2022-02-17,17,15,1.4,bullish,1,0,1,1,1
2022-02-18,22,20,19.9,bullish,0,1,1,1,1
2022-02-19,1,1,1.0,bullish,0,0,0,0,1
2022-02-21,9,9,3.4000000000000004,bullish,0,0,1,1,1
2022-02-22,9,8,9.899999999999999,bullish,0,1,1,0,0
2022-02-23,22,20,11.899999999999999,bullish,1,1,1,0,1
2022-02-24,23,21,9.399999999999999,bullish,1,0,1,1,1
2022-02-25,47,42,22.4,bullish,1,1,1,1,1
2022-02-26,1,1,3.0,bullish,0,0,0,0,0
2022-02-28,57,47,54.2,bullish,1,1,1,1,1
2022-03-01,35,25,12.2,bullish,1,0,1,0,1
2022-03-02,20,18,26.4,bullish,1,1,1,0,1
2022-03-03,33,32,35.400000000000006,bullish,0,1,1,0,1
2022-03-04,36,30,19.9,bullish,1,1,1,0,1
2022-03-05,6,6,8.5,bullish,0,1,0,0,1
2022-03-07,16,16,34.1,bullish,0,1,1,0,1
2022-03-08,18,17,34.900000000000006,bullish,0,1,1,0,1
2022-03-09,25,23,25.099999999999998,bullish,1,1,1,0,1
2022-03-10,53,45,23.4,bullish,1,0,1,1,1
2022-03-11,27,22,14.399999999999999,bullish,0,0,1,0,1
2022-03-14,9,9,10.0,bullish,0,0,0,0,1
2022-03-15,19,18,22.5,bullish,0,1,0,0,1
2022-03-16,10,10,3.0,bullish,0,0,0,0,1
2022-03-17,12,12,12.5,bullish,0,1,1,0,1
2022-03-18,18,14,3.2,bullish,0,0,1,0,1
2022-03-21,15,12,12.5,bullish,0,1,0,0,1
2022-03-22,16,16,27.0,bullish,0,1,0,0,0
2022-03-23,17,16,39.0,bullish,0,1,1,0,1
2022-03-24,14,12,16.4,bullish,0,0,1,0,0
2022-03-25,17,16,27.4,bullish,0,1,1,1,1
2022-03-26,3,3,11.5,bullish,0,1,0,0,0
2022-03-28,31,30,44.400000000000006,bullish,0,1,1,0,1
2022-03-29,11,11,16.7,bullish,0,1,1,0,1
2022-03-30,27,24,49.0,bullish,0,1,1,0,1
2022-03-31,42,40,88.7,bullish,0,1,1,0,1
2022-04-01,35,31,32.5,bullish,0,1,1,1,1
2022-04-04,16,13,7.2,bullish,0,0,1,0,1
2022-04-05,16,15,25.4,bullish,0,0,1,0,1
2022-04-06,14,14,26.0,bullish,0,0,1,0,1
2022-04-07,24,22,31.3,bullish,0,1,0,0,1
2022-04-08,23,23,17.2,bullish,0,1,1,1,0
2022-04-11,14,12,4.2,bullish,0,0,1,0,1
2022-04-12,25,24,19.2,bullish,0,0,1,1,1
2022-04-13,17,16,25.599999999999998,bullish,0,0,1,0,1
2022-04-14,13,12,0.7,neutral,0,1,0,0,1
2022-04-15,29,29,31.599999999999998,bullish,0,0,1,1,1
2022-04-18,17,14,17.4,bullish,0,0,1,0,0
2022-04-19,21,21,7.2,bullish,0,0,1,0,1
2022-04-20,13,12,23.0,bullish,0,1,1,0,1
2022-04-21,17,14,8.2,bullish,1,0,1,0,1
2022-04-22,40,30,16.9,bullish,1,1,1,1,1
2022-04-25,41,37,43.099999999999994,bullish,1,0,1,0,1
2022-04-26,37,26,24.099999999999998,bullish,1,1,1,0,1
2022-04-27,34,25,14.599999999999998,bullish,1,0,1,0,1
2022-04-28,36,33,24.2,bullish,1,1,1,0,1
2022-04-29,70,65,76.39999999999999,bullish,1,0,1,0,1
2022-05-01,3,0,0.0,neutral,0,0,0,0,0
2022-05-05,26,25,12.399999999999999,bullish,1,0,1,0,1
2022-05-06,12,12,17.599999999999998,bullish,0,0,1,0,0
2022-05-09,59,48,12.399999999999999,bullish,1,0,1,0,1
2022-05-10,36,30,19.5,bullish,1,1,0,0,1
2022-05-11,20,16,13.399999999999999,bullish,0,0,1,1,1
2022-05-12,10,7,5.4,bullish,0,0,1,0,1
2022-05-13,24,21,20.0,bullish,0,0,1,0,1
2022-05-16,17,16,8.6,bullish,0,0,1,1,0
2022-05-17,15,13,16.4,bullish,0,0,1,0,1
2022-05-18,7,7,6.0,bullish,0,0,0,0,1
2022-05-20,19,18,12.2,bullish,0,0,1,0,1
2022-05-22,1,1,2.0,bullish,0,0,0,0,0
2022-05-23,10,8,23.599999999999998,bullish,0,0,1,0,0
2022-05-24,17,17,11.599999999999998,bullish,0,0,1,1,1
2022-05-25,20,18,19.7,bullish,0,1,1,0,1
2022-05-26,13,12,10.2,bullish,0,0,1,0,1
2022-05-27,15,13,13.0,bullish,0,0,1,0,1
2022-05-30,18,18,5.0,bullish,0,0,0,0,1
2022-05-31,17,16,4.0,bullish,0,0,0,1,1
2022-06-01,11,10,13.3,bullish,0,0,1,0,1
2022-06-02,7,7,1.0,bullish,0,0,0,0,1
2022-06-03,18,17,11.5,bullish,0,1,0,0,1
2022-06-06,20,19,18.8,bullish,0,0,0,0,1
2022-06-07,15,15,19.7,bullish,0,1,1,0,1
2022-06-08,37,18,-1.8,bearish,0,0,1,1,1
2022-06-09,11,9,1.2,bullish,0,0,1,0,1
2022-06-10,9,7,10.0,bullish,0,0,1,0,0
2022-06-13,17,14,14.0,bullish,0,0,0,0,1
2022-06-14,7,6,17.4,bullish,0,0,1,0,1
2022-06-15,10,10,11.2,bullish,0,0,1,0,1
2022-06-16,18,16,26.7,bullish,0,1,1,1,1
2022-06-17,24,22,1.0,bullish,0,0,1,0,1
2022-06-20,13,10,8.3,bullish,0,0,0,0,1
2022-06-21,11,10,1.2,bullish,0,0,0,0,0
2022-06-22,6,6,-0.6000000000000001,neutral,0,0,1,0,0
2022-06-23,13,12,-5.8,bearish,0,0,1,0,1
2022-06-24,13,10,3.2,bullish,0,0,1,0,0
2022-06-27,19,17,16.2,bullish,0,0,1,0,1
2022-06-28,12,11,2.2,bullish,0,0,1,0,1
2022-06-29,21,15,15.599999999999998,bullish,0,0,1,1,1
2022-06-30,12,11,8.4,bullish,0,0,1,1,1
2022-07-01,24,20,11.5,bullish,0,0,1,0,1
2022-07-02,1,1,4.2,bullish,0,0,1,0,0
2022-07-04,12,10,11.2,bullish,0,0,1,0,1
2022-07-05,14,10,8.4,bullish,0,0,1,0,1
2022-07-06,12,12,0.19999999999999996,neutral,0,0,1,1,1
2022-07-07,39,38,57.39999999999998,bullish,0,0,0,0,1
2022-07-08,9,9,12.2,bullish,0,0,1,0,1
2022-07-13,9,3,9.399999999999999,bullish,0,0,1,0,0
2022-07-14,11,10,11.599999999999998,bullish,0,0,1,0,0
2022-07-18,8,8,-14.0,bearish,0,0,0,1,1
2022-07-19,10,10,-6.0,bearish,0,0,0,1,1
2022-07-20,12,12,1.0,bullish,0,0,0,0,1
2022-07-21,6,6,-4.0,bearish,0,0,0,0,1
2022-07-22,12,8,1.0,bullish,0,0,0,0,1
2022-07-25,4,3,0.0,neutral,0,0,0,0,0
2022-07-26,25,18,7.4,bullish,1,0,1,0,1
2022-07-27,21,18,-3.5999999999999996,bearish,1,0,1,1,1
2022-07-28,19,16,7.2,bullish,1,0,1,0,1
2022-07-29,18,17,2.2,bullish,0,0,1,1,1
2022-08-01,9,6,5.2,bullish,1,0,1,0,1
2022-08-02,12,9,6.4,bullish,1,0,1,0,1
2022-08-03,9,7,7.4,bullish,0,0,1,0,1
2022-08-04,11,10,10.2,bullish,0,0,1,0,1
2022-08-05,17,16,4.2,bullish,0,0,1,0,1
2022-08-08,20,17,13.5,bullish,1,1,0,0,1
2022-08-09,20,16,7.4,bullish,1,0,1,0,1
2022-08-10,20,16,11.0,bullish,1,0,0,0,1
2022-08-11,25,17,13.7,bullish,1,1,1,0,1
2022-08-12,29,28,22.0,bullish,0,1,1,0,1
2022-08-15,21,19,5.2,bullish,1,0,1,0,1
2022-08-16,19,12,-0.6000000000000001,neutral,1,0,1,1,1
2022-08-17,36,32,-0.8,neutral,1,0,1,1,1
2022-08-18,20,15,12.399999999999999,bullish,1,0,1,0,1
2022-08-19,12,10,3.0,bullish,0,0,0,1,1
2022-08-22,10,7,-4.0,bearish,0,0,0,1,0
2022-08-23,6,5,3.0,bullish,0,0,0,0,1
2022-08-24,7,3,3.2,bullish,0,0,1,0,0
2022-08-25,13,11,17.6,bullish,0,0,0,0,0
2022-08-26,21,15,10.2,bullish,0,0,1,1,1
2022-08-29,5,4,1.0,bullish,0,0,0,0,0
2022-08-31,12,10,14.600000000000001,bullish,0,0,0,0,1
2022-09-01,9,9,7.2,bullish,0,0,1,0,0
2022-09-02,19,16,10.2,bullish,0,0,1,0,1
2022-09-03,1,1,-1.0,bearish,0,0,0,0,0
2022-09-05,10,10,4.5,bullish,0,1,0,0,1
2022-09-06,22,12,3.0,bullish,0,0,1,0,1
2022-09-07,20,13,10.0,bullish,0,0,0,0,1
2022-09-08,11,9,5.0,bullish,0,0,0,0,1
2022-09-09,21,20,28.0,bullish,0,0,0,1,0
2022-09-12,12,9,8.0,bullish,0,0,0,0,1
2022-09-13,40,10,11.2,bullish,0,0,1,0,0
2022-09-14,18,10,6.2,bullish,0,0,1,0,0
2022-09-15,19,9,6.0,bullish,0,0,0,0,1
2022-09-16,16,14,10.2,bullish,0,0,1,1,1
2022-09-19,30,9,4.2,bullish,0,0,1,0,0
2022-09-20,18,14,4.0,bullish,0,0,0,0,1
2022-09-21,11,8,6.0,bullish,0,0,0,0,0
2022-09-22,11,10,12.0,bullish,0,0,0,0,1
2022-09-23,13,11,-3.0,bearish,0,0,0,1,0
2022-09-26,12,8,3.4000000000000004,bullish,0,0,1,1,0
2022-09-27,5,5,0.0,neutral,0,0,0,0,0
2022-09-28,10,9,7.2,bullish,0,0,1,0,1
2022-09-29,38,16,11.2,bullish,0,0,1,0,1
2022-09-30,18,16,4.0,bullish,0,0,0,1,1
2022-10-03,9,8,8.8,bullish,0,0,1,0,0
2022-10-04,9,9,13.0,bullish,0,0,1,0,1
2022-10-05,13,11,-1.0,bearish,0,0,0,1,1
2022-10-06,15,14,7.0,bullish,0,0,0,0,1
2022-10-07,17,16,8.0,bullish,0,0,0,1,1
2022-10-10,24,23,4.0,bullish,0,0,1,0,1
2022-10-11,14,14,5.2,bullish,0,0,0,1,1
2022-10-12,14,14,5.2,bullish,0,0,1,0,1
2022-10-13,16,14,5.0,bullish,0,0,0,0,1
2022-10-14,15,11,5.0,bullish,0,0,0,1,1
2022-10-17,7,6,3.0,bullish,0,0,0,0,0
2022-10-18,16,8,0.0,neutral,0,0,0,0,1
2022-10-19,5,3,2.0,bullish,1,0,0,0,1
2022-10-20,8,8,9.7,bullish,0,1,0,1,1
2022-10-21,14,12,10.0,bullish,1,0,0,0,1
2022-10-24,10,7,6.0,bullish,0,0,0,0,0
2022-10-25,9,8,-1.0,bearish,0,0,0,1,1
2022-10-26,24,18,2.0,bullish,1,0,0,0,1
2022-10-27,39,34,7.2,bullish,1,0,1,1,1
2022-10-28,5,5,10.0,bullish,0,0,1,0,0
2022-10-31,31,27,13.0,bullish,1,0,0,0,1
2022-11-01,19,19,5.0,bullish,0,0,1,0,1
2022-11-02,30,24,8.0,bullish,1,0,0,0,1
2022-11-03,27,22,8.0,bullish,1,0,1,0,1
2022-11-04,19,18,9.2,bullish,1,0,1,0,1
2022-11-07,24,19,1.0,bullish,1,0,0,0,0
2022-11-08,23,17,0.0,neutral,1,0,0,0,1
2022-11-09,18,17,1.0,bullish,1,0,0,0,1
2022-11-10,7,7,-2.0,bearish,0,0,0,1,1
2022-11-11,22,12,8.2,bullish,0,0,1,0,0
2022-11-14,15,12,6.8,bullish,0,0,0,0,1
2022-11-15,16,12,11.8,bullish,1,0,0,1,1
2022-11-16,4,2,5.0,bullish,0,0,0,0,0
2022-11-17,22,6,4.2,bullish,0,0,1,0,1
2022-11-18,25,24,34.0,bullish,0,0,0,0,1
2022-11-21,6,3,1.0,bullish,0,0,0,0,1
2022-11-22,8,6,2.0,bullish,0,0,0,0,1
2022-11-23,13,9,-2.8,bearish,0,0,0,0,0
2022-11-24,14,12,-2.0,bearish,0,0,0,0,1
2022-11-25,15,14,4.0,bullish,0,0,0,0,0
2022-11-28,17,13,5.5,bullish,0,1,0,1,1
2022-11-29,9,7,3.0,bullish,0,0,0,0,1
2022-11-30,10,10,6.0,bullish,0,0,1,0,1
2022-12-01,13,9,1.0,bullish,0,0,0,0,1
2022-12-02,10,5,3.2,bullish,0,0,1,0,0
2022-12-05,10,7,0.8,neutral,0,0,0,0,1
2022-12-06,13,12,4.8,bullish,0,0,1,0,1
2022-12-07,22,8,8.2,bullish,0,0,1,0,1
2022-12-08,17,13,13.0,bullish,0,0,1,0,1
2022-12-09,16,16,5.0,bullish,0,0,0,0,1
2022-12-12,9,7,4.2,bullish,0,0,1,0,1
2022-12-13,11,11,7.0,bullish,0,0,0,1,1
2022-12-14,30,15,7.0,bullish,0,0,0,1,1
2022-12-15,17,15,9.0,bullish,0,0,1,0,1
2022-12-16,14,13,11.8,bullish,0,0,0,0,0
2022-12-19,18,18,7.0,bullish,0,0,1,1,1
2022-12-20,14,8,-1.0,bearish,0,0,0,1,1
2022-12-21,9,8,-2.0,bearish,0,0,0,0,1
2022-12-22,11,11,10.0,bullish,0,0,0,0,1
2022-12-23,17,13,12.2,bullish,0,0,1,0,1
2022-12-26,7,5,2.0,bullish,0,0,0,0,0
2022-12-27,9,6,3.2,bullish,0,0,1,1,0
2022-12-28,18,12,12.2,bullish,0,0,1,1,1
2022-12-29,11,10,3.2,bullish,0,0,1,1,0
2022-12-30,19,15,11.8,bullish,0,0,0,0,1
2022-12-31,1,0,0.0,neutral,0,0,0,0,0
2023-01-02,14,11,3.0,bullish,0,0,0,0,1
2023-01-03,23,20,6.0,bullish,0,0,0,0,1
2023-01-04,9,5,4.2,bullish,0,0,1,0,1
2023-01-05,26,5,4.2,bullish,0,0,1,0,1
2023-01-06,119,116,0.19999999999999996,neutral,0,0,1,0,1
2023-01-07,1,1,1.0,bullish,0,0,0,0,1
2023-01-09,45,21,4.2,bullish,0,0,1,0,1
2023-01-10,26,10,14.0,bullish,0,0,1,0,1
2023-01-11,22,2,1.2,bullish,0,0,1,0,1
2023-01-12,40,18,6.4,bullish,0,0,1,0,1
2023-01-13,10,8,4.0,bullish,0,0,0,0,0
2023-01-16,10,9,4.4,bullish,0,0,1,0,1
2023-01-17,5,5,-1.0,bearish,0,0,0,1,0
2023-01-18,10,10,16.0,bullish,0,0,0,0,1
2023-01-19,6,5,3.0,bullish,0,0,0,0,1
2023-01-20,20,18,5.0,bullish,0,0,0,0,1
2023-01-23,13,11,6.8,bullish,0,0,0,0,1
2023-01-24,4,2,3.0,bullish,0,0,0,0,1
2023-01-25,31,7,10.2,bullish,1,0,1,0,1
2023-01-26,15,13,7.0,bullish,0,0,0,0,1
2023-01-27,19,13,6.2,bullish,0,0,1,0,1
2023-01-30,17,14,2.0,bullish,0,0,0,1,1
2023-01-31,31,26,11.2,bullish,1,0,1,0,1
2023-02-01,41,16,16.2,bullish,1,0,1,0,1
2023-02-02,43,19,29.599999999999998,bullish,1,0,1,0,1
2023-02-03,18,16,1.2,bullish,1,0,1,0,1
2023-02-06,25,18,11.7,bullish,1,1,1,0,1
2023-02-07,42,25,19.599999999999998,bullish,1,0,1,0,1
2023-02-08,27,10,7.2,bullish,1,0,1,0,1
2023-02-09,3,3,4.0,bullish,0,0,0,0,0
2023-02-10,17,15,2.0,bullish,1,0,0,1,1
2023-02-13,12,12,15.0,bullish,0,1,0,0,1
2023-02-14,24,21,34.9,bullish,1,1,1,0,1
2023-02-15,19,16,17.4,bullish,0,0,1,0,1
2023-02-16,51,17,19.4,bullish,0,0,1,0,1
2023-02-17,14,12,23.799999999999997,bullish,0,0,1,0,1
2023-02-20,25,20,30.2,bullish,0,1,1,1,1
2023-02-21,21,19,13.0,bullish,0,0,0,0,1
2023-02-22,17,12,19.7,bullish,1,1,1,0,1
2023-02-23,9,9,8.2,bullish,0,0,1,0,1
2023-02-24,11,11,18.7,bullish,0,1,1,0,1
2023-02-27,11,10,18.5,bullish,0,1,1,1,0
2023-02-28,42,36,24.5,bullish,1,1,0,0,1
2023-03-01,33,29,46.5,bullish,1,1,0,0,1
2023-03-02,17,15,15.5,bullish,1,1,0,0,1
2023-03-03,27,20,23.4,bullish,1,0,1,0,1
2023-03-04,7,5,2.0,bullish,1,0,0,0,0
2023-03-06,41,35,54.7,bullish,1,1,1,0,1
2023-03-07,15,14,27.3,bullish,1,1,0,0,1
2023-03-08,20,19,21.7,bullish,0,1,1,0,1
2023-03-09,26,24,53.400000000000006,bullish,1,1,1,0,1
2023-03-10,36,29,18.2,bullish,1,0,1,0,1
2023-03-13,29,24,17.2,bullish,1,0,1,0,1
2023-03-14,30,25,51.500000000000014,bullish,1,1,1,0,1
2023-03-15,21,14,14.399999999999999,bullish,0,0,1,0,1
2023-03-16,33,32,60.5,bullish,1,1,1,0,1
2023-03-17,24,20,12.5,bullish,0,1,0,0,1
2023-03-20,18,14,33.7,bullish,0,1,1,1,1
2023-03-21,15,13,7.2,bullish,0,0,1,1,1
2023-03-22,31,29,19.5,bullish,0,1,0,0,1
2023-03-23,13,13,0.0,neutral,0,0,0,0,1
2023-03-24,10,8,4.0,bullish,0,0,0,0,1
2023-03-27,8,8,8.2,bullish,0,0,1,0,1
2023-03-28,26,21,29.2,bullish,0,1,1,0,0
2023-03-29,41,39,43.30000000000001,bullish,0,1,1,1,1
2023-03-30,32,28,51.3,bullish,0,1,0,0,1
2023-03-31,33,30,80.6,bullish,0,1,0,0,1
2023-04-01,1,1,-1.0,bearish,0,0,0,0,0
2023-04-03,18,16,12.0,bullish,0,0,0,1,0
2023-04-04,13,13,15.399999999999999,bullish,0,0,1,0,0
2023-04-05,30,25,13.399999999999999,bullish,0,0,1,0,1
2023-04-06,14,12,4.2,bullish,0,0,1,1,1
2023-04-07,22,22,31.5,bullish,0,1,0,0,1
2023-04-10,27,24,25.0,bullish,0,0,0,0,1
2023-04-11,21,18,15.5,bullish,0,1,0,0,1
2023-04-12,15,15,29.8,bullish,0,0,0,0,1
2023-04-13,17,15,31.5,bullish,0,1,0,0,1
2023-04-14,35,31,53.3,bullish,0,1,0,1,1
2023-04-17,11,10,14.2,bullish,0,0,1,0,1
2023-04-18,16,13,1.7,bullish,0,1,0,0,1
2023-04-19,18,17,29.2,bullish,1,0,1,1,1
2023-04-20,1,1,6.0,bullish,0,0,0,0,0
2023-04-24,12,10,11.0,bullish,0,0,0,0,1
2023-04-25,24,18,17.8,bullish,1,0,1,0,1
2023-04-26,39,32,27.2,bullish,1,1,1,0,1
2023-04-27,32,27,4.6000000000000005,bullish,1,0,1,0,1
2023-04-28,47,26,24.4,bullish,1,0,1,1,1
2023-05-02,32,24,5.6000000000000005,bullish,1,0,1,0,1
2023-05-03,34,18,8.4,bullish,1,0,1,0,1
2023-05-04,8,7,5.0,bullish,0,0,0,0,1
2023-05-05,16,14,7.2,bullish,1,0,1,0,1
2023-05-08,23,16,12.3,bullish,1,1,0,0,1
2023-05-09,34,27,5.2,bullish,1,0,1,0,1
2023-05-10,28,25,27.2,bullish,1,0,1,0,1
2023-05-11,18,17,28.7,bullish,0,1,1,0,1
2023-05-12,21,13,19.7,bullish,0,1,1,0,1
2023-05-15,9,9,11.799999999999997,bullish,0,0,1,0,1
2023-05-16,19,19,19.7,bullish,0,1,1,0,1
2023-05-17,18,16,8.0,bullish,0,0,0,0,1
2023-05-18,19,12,15.8,bullish,0,0,0,0,1
2023-05-22,20,14,25.799999999999997,bullish,0,0,1,0,1
2023-05-23,8,7,19.4,bullish,0,0,1,1,0
2023-05-24,16,15,15.599999999999998,bullish,0,0,1,1,1
2023-05-25,10,10,22.9,bullish,0,0,1,0,1
2023-05-26,10,10,21.599999999999998,bullish,0,0,1,0,1
2023-05-29,7,6,9.8,bullish,0,0,0,0,0
2023-05-30,19,18,21.3,bullish,0,0,0,0,1
2023-05-31,17,14,17.400000000000002,bullish,0,0,0,1,1
2023-06-01,9,8,11.8,bullish,0,0,0,0,1
2023-06-02,8,8,7.8,bullish,0,0,0,0,1
2023-06-05,7,7,9.0,bullish,0,0,0,0,1
2023-06-06,5,5,8.0,bullish,0,0,0,1,1
2023-06-07,13,13,15.3,bullish,0,1,0,0,1
2023-06-08,16,14,1.0,bullish,0,0,0,0,1
2023-06-09,10,9,5.0,bullish,0,0,0,1,0
2023-06-12,8,8,0.0,neutral,0,0,0,0,1
2023-06-13,15,14,9.8,bullish,0,0,0,0,1
2023-06-14,35,31,11.8,bullish,0,0,0,0,1
2023-06-15,7,7,3.0,bullish,0,0,0,0,1
2023-06-16,21,20,5.0,bullish,0,0,0,0,1
2023-06-19,11,7,8.7,bullish,0,1,1,1,0
2023-06-20,8,8,0.0,neutral,0,0,0,0,0
2023-06-21,10,9,-1.3,bearish,0,0,1,0,1
2023-06-22,11,10,7.2,bullish,0,0,1,0,1
2023-06-23,16,16,9.0,bullish,0,0,0,0,1
2023-06-26,12,11,0.0,neutral,0,0,0,0,0
2023-06-27,4,4,0.0,neutral,0,0,0,0,0
2023-07-03,21,19,-6.0,bearish,0,0,0,0,1
2023-07-04,8,7,-2.0,bearish,0,0,0,0,1
2023-07-05,12,10,1.8,bullish,0,0,0,0,1
2023-07-06,16,14,2.0,bullish,0,0,0,1,1
2023-07-07,18,14,6.0,bullish,0,0,0,0,1
2023-07-10,9,8,-1.0,bearish,0,0,0,0,1
2023-07-11,10,8,0.0,neutral,0,0,0,0,1
2023-07-12,4,4,2.0,bullish,0,0,0,0,1
2023-07-13,7,6,5.0,bullish,0,0,0,0,1
2023-07-14,16,16,5.0,bullish,0,0,0,0,1
2023-07-17,17,15,32.2,bullish,0,0,0,0,1
2023-07-18,23,9,14.100000000000001,bullish,0,0,1,0,1
2023-07-19,4,4,4.2,bullish,0,0,1,0,1
2023-07-20,7,6,0.0,neutral,0,0,0,0,1
2023-07-21,13,11,7.3,bullish,1,0,0,0,0
2023-07-24,26,20,1.0,bullish,1,0,0,0,1
2023-07-25,28,23,13.8,bullish,0,1,0,1,1
2023-07-26,26,19,7.0,bullish,1,0,0,1,1
2023-07-27,20,16,3.0,bullish,1,0,0,0,1
2023-07-28,20,19,12.100000000000001,bullish,0,0,0,1,1
2023-07-29,2,2,6.0,bullish,0,0,0,0,0
2023-07-31,21,19,1.0,bullish,1,0,0,0,1
2023-08-01,29,25,33.5,bullish,1,1,0,0,1
2023-08-02,8,7,9.0,bullish,1,0,0,0,1
2023-08-03,17,14,11.0,bullish,0,0,0,0,1
2023-08-04,19,17,2.0,bullish,1,0,0,0,1
2023-08-07,27,20,-4.0,bearish,1,0,0,0,1
2023-08-08,19,16,-3.0,bearish,1,0,0,0,1
2023-08-09,38,33,13.5,bullish,1,1,0,0,1
2023-08-10,15,7,2.0,bullish,1,0,0,0,0
2023-08-11,25,23,26.8,bullish,0,0,0,0,1
2023-08-14,20,16,8.0,bullish,1,0,0,1,1
2023-08-15,13,7,4.0,bullish,1,0,0,0,0
2023-08-16,13,11,6.0,bullish,1,0,0,0,1
2023-08-17,25,20,16.3,bullish,1,1,0,0,1
2023-08-18,25,8,2.0,bullish,0,0,0,1,1
2023-08-21,16,15,5.0,bullish,0,0,0,1,0
2023-08-22,8,6,6.0,bullish,0,0,0,0,1
2023-08-23,24,19,15.100000000000001,bullish,0,0,0,0,1
2023-08-24,18,8,4.0,bullish,0,0,0,0,0
2023-08-25,16,12,18.5,bullish,0,1,0,0,1
2023-08-28,11,10,4.0,bullish,0,0,0,1,1
2023-08-29,14,13,4.0,bullish,0,0,0,0,1
2023-08-31,14,11,6.6,bullish,0,0,0,0,0
2023-09-01,20,17,4.0,bullish,0,0,0,0,1
2023-09-04,8,7,-1.0,bearish,0,0,0,0,1
2023-09-05,16,14,7.0,bullish,0,0,1,1,1
2023-09-06,5,3,-2.0,bearish,0,0,0,0,1
2023-09-07,7,7,4.8,bullish,0,0,0,0,1
2023-09-08,8,7,1.0,bullish,0,0,0,0,1
2023-09-11,15,5,8.0,bullish,0,0,1,0,1
2023-09-12,10,10,2.2,bullish,0,0,1,0,1
2023-09-13,16,12,9.5,bullish,0,1,0,0,0
2023-09-14,13,11,0.0,neutral,0,0,0,0,1
2023-09-15,16,12,17.2,bullish,0,0,1,0,1
2023-09-18,26,20,5.8,bullish,0,0,0,1,1
2023-09-19,18,17,5.0,bullish,0,0,1,0,1
2023-09-20,11,9,10.0,bullish,0,0,0,0,0
2023-09-21,27,25,0.0,neutral,0,0,1,0,1
2023-09-22,32,29,2.0,bullish,0,0,0,1,1
2023-09-25,15,15,-2.0,bearish,0,0,0,1,1
2023-09-26,16,14,9.5,bullish,0,1,0,1,0
2023-09-27,19,18,7.0,bullish,0,0,0,0,1
2023-09-28,22,21,7.0,bullish,0,0,0,1,1
2023-09-29,10,9,9.0,bullish,0,0,0,0,0
2023-10-02,27,23,12.5,bullish,0,1,0,0,1
2023-10-03,4,4,0.0,neutral,0,0,0,0,1
2023-10-04,16,14,8.2,bullish,0,0,1,1,1
2023-10-05,10,9,8.2,bullish,0,0,1,1,1
2023-10-06,18,15,-12.0,bearish,0,0,0,1,1
2023-10-09,18,17,5.2,bullish,0,0,1,0,1
2023-10-10,11,11,3.0,bullish,0,0,0,0,1
2023-10-11,8,6,1.0,bullish,0,0,0,0,1
2023-10-12,28,13,9.8,bullish,0,0,0,0,1
2023-10-13,31,29,16.6,bullish,0,0,0,1,1
2023-10-16,20,12,-2.0,bearish,0,0,0,0,1
2023-10-17,5,5,0.0,neutral,0,0,0,0,1
2023-10-18,3,3,5.2,bullish,0,0,1,0,0
2023-10-19,8,7,10.399999999999999,bullish,0,0,1,1,0
2023-10-20,31,25,6.0,bullish,1,0,1,1,1
2023-10-23,7,7,7.0,bullish,0,0,0,0,1
2023-10-24,36,31,3.8,bullish,1,0,0,0,1
2023-10-25,52,26,16.0,bullish,1,0,0,1,1
2023-10-26,22,18,8.5,bullish,1,1,0,1,1
2023-10-27,29,23,0.0,neutral,1,0,0,1,1
2023-10-30,15,12,8.3,bullish,1,0,0,0,1
2023-10-31,11,8,3.8,bullish,1,0,0,0,0
2023-11-01,27,17,1.0,bullish,1,0,0,0,1
2023-11-02,7,6,2.2,bullish,1,0,1,0,1
2023-11-03,15,15,7.0,bullish,0,0,0,0,1
2023-11-04,1,1,0.0,neutral,0,0,0,0,1
2023-11-06,16,13,2.0,bullish,1,0,0,0,1
2023-11-07,21,17,3.0,bullish,1,0,0,1,1
2023-11-08,24,18,2.5,bullish,1,1,0,0,1
2023-11-09,10,8,0.0,neutral,1,0,0,0,1
2023-11-10,11,8,5.2,bullish,0,0,1,0,1
2023-11-13,12,9,4.0,bullish,0,0,0,0,1
2023-11-14,6,6,5.0,bullish,0,0,0,0,0
2023-11-15,11,10,3.0,bullish,0,0,0,1,1
2023-11-16,13,12,8.0,bullish,0,0,0,0,1
2023-11-17,8,7,0.0,neutral,0,0,0,1,0
2023-11-20,7,7,3.8,bullish,0,0,0,0,0
2023-11-21,7,6,3.0,bullish,0,0,0,0,1
2023-11-22,11,10,3.2,bullish,0,0,0,0,0
2023-11-23,11,11,8.900000000000002,bullish,0,0,0,0,0
2023-11-24,10,10,6.8,bullish,0,0,0,1,1
2023-11-27,12,11,3.0,bullish,0,0,0,1,0
2023-11-28,6,5,2.0,bullish,0,0,0,0,0
2023-11-29,5,5,8.0,bullish,0,0,0,0,1
2023-11-30,16,15,-5.0,bearish,0,0,0,0,1
2023-12-01,7,6,1.0,bullish,0,0,0,0,1
2023-12-04,6,5,0.0,neutral,0,0,0,0,0
2023-12-05,6,6,3.0,bullish,0,0,0,0,1
2023-12-06,15,14,0.0,neutral,0,0,0,0,1
2023-12-07,10,9,3.0,bullish,0,0,0,1,1
2023-12-08,13,12,10.8,bullish,0,0,0,0,0
2023-12-11,10,7,8.4,bullish,0,0,1,0,0
2023-12-12,11,10,5.2,bullish,0,0,1,0,1
2023-12-13,22,16,5.2,bullish,0,0,1,1,1
2023-12-14,24,23,-2.0,bearish,0,0,0,1,1
2023-12-15,18,18,7.8,bullish,0,0,0,0,1
2023-12-17,1,0,0.0,neutral,0,0,0,0,0
2023-12-18,18,12,4.2,bullish,0,0,1,0,0
2023-12-19,19,14,16.2,bullish,0,0,1,0,1
2023-12-20,38,36,12.0,bullish,0,0,0,1,1
2023-12-21,37,35,5.8,bullish,0,0,0,0,1
2023-12-22,22,21,4.0,bullish,0,0,0,1,1
2023-12-25,34,31,12.2,bullish,0,0,1,0,1
2023-12-26,18,14,9.0,bullish,0,0,0,0,0
2023-12-27,23,20,-0.6000000000000001,neutral,0,0,1,1,1
2023-12-28,64,63,-4.0,bearish,0,0,0,1,1
2023-12-29,29,28,6.0,bullish,0,0,0,0,1
2024-01-01,1,1,4.2,bullish,0,0,1,0,0
2024-01-02,14,12,8.0,bullish,0,0,0,0,1
2024-01-03,30,28,6.0,bullish,0,0,0,0,1
2024-01-04,20,19,11.2,bullish,0,0,1,0,1
2024-01-05,17,15,5.0,bullish,0,0,0,0,1
2024-01-08,13,13,9.0,bullish,0,0,0,0,1
2024-01-09,8,6,-1.0,bearish,0,0,0,0,1
2024-01-10,9,9,8.0,bullish,0,0,0,0,1
2024-01-11,13,13,17.0,bullish,0,0,0,0,1
2024-01-12,11,11,5.0,bullish,0,0,0,1,1
2024-01-15,11,9,11.100000000000001,bullish,0,0,0,0,1
2024-01-16,9,6,3.0,bullish,0,0,0,0,1
2024-01-17,19,19,17.0,bullish,0,0,0,1,0
2024-01-18,16,15,10.0,bullish,0,0,0,1,1
2024-01-19,29,24,9.2,bullish,0,0,1,1,1
2024-01-22,8,6,-1.0,bearish,0,0,0,1,1
2024-01-23,11,4,1.0,bullish,0,0,0,0,0
2024-01-24,1,1,3.2,bullish,0,0,1,0,0
2024-01-25,2,2,3.0,bullish,0,0,0,0,0
2024-01-26,8,8,4.0,bullish,0,0,0,1,0
2024-01-29,17,14,8.0,bullish,1,0,0,0,1
2024-01-30,19,19,14.0,bullish,0,0,0,1,1
2024-01-31,25,25,18.0,bullish,0,0,0,0,1
2024-02-01,16,11,7.0,bullish,1,0,0,0,1
2024-02-02,19,16,10.3,bullish,1,0,0,0,1
2024-02-05,13,12,-3.0,bearish,0,0,0,0,1
2024-02-06,14,13,4.0,bullish,0,0,0,0,1
2024-02-07,5,5,0.0,neutral,0,0,0,0,1
2024-02-08,15,15,6.8,bullish,0,0,0,1,1
2024-02-09,11,10,3.0,bullish,0,0,0,0,1
2024-02-12,3,3,0.0,neutral,0,0,0,0,0
2024-02-13,25,21,4.0,bullish,1,0,0,0,1
2024-02-14,19,18,13.5,bullish,1,1,0,0,1
2024-02-15,13,13,1.0,bullish,0,0,0,0,1
2024-02-16,15,13,11.0,bullish,0,0,0,0,1
2024-02-19,10,8,8.0,bullish,0,0,0,0,0
2024-02-20,5,5,1.0,bullish,0,0,0,0,1
2024-02-21,7,6,3.0,bullish,0,0,0,0,1
2024-02-22,19,15,6.0,bullish,1,0,0,0,0
2024-02-23,6,6,8.8,bullish,0,0,0,1,0
2024-02-26,15,15,13.0,bullish,0,0,0,0,1
2024-02-27,8,8,11.2,bullish,0,0,1,0,1
2024-02-28,19,16,24.6,bullish,0,1,0,0,1
2024-02-29,20,18,24.1,bullish,0,1,0,0,1
2024-03-01,41,36,40.8,bullish,1,0,0,0,1
2024-03-04,39,34,42.2,bullish,1,1,1,0,1
2024-03-05,18,15,30.4,bullish,1,1,1,0,0
2024-03-06,34,30,48.400000000000006,bullish,1,1,1,0,1
2024-03-07,32,29,23.7,bullish,0,1,1,0,1
2024-03-08,18,17,26.4,bullish,0,1,1,0,1
2024-03-09,10,8,5.0,bullish,0,0,0,0,0
2024-03-11,30,25,34.7,bullish,1,1,1,0,1
2024-03-12,10,7,13.0,bullish,0,1,0,0,1
2024-03-13,17,13,13.2,bullish,0,0,1,0,1
2024-03-14,12,10,2.2,bullish,0,0,1,0,1
2024-03-15,14,11,4.0,bullish,1,0,0,0,1
2024-03-18,22,18,8.0,bullish,1,0,0,1,1
2024-03-19,13,12,13.5,bullish,0,1,0,1,1
2024-03-20,16,14,19.2,bullish,1,1,0,0,1
2024-03-21,26,24,11.5,bullish,1,1,0,0,1
2024-03-22,24,23,15.5,bullish,0,1,0,0,1
2024-03-24,5,4,3.0,bullish,0,0,0,0,0
2024-03-25,24,21,20.0,bullish,0,0,0,0,1
2024-03-26,33,26,38.2,bullish,1,1,1,0,1
2024-03-27,25,22,22.7,bullish,0,1,1,1,1
2024-03-28,33,30,57.0,bullish,0,1,0,0,1
2024-03-29,31,27,68.0,bullish,0,1,0,0,1
2024-04-01,22,15,34.0,bullish,0,1,0,0,1
2024-04-02,27,22,22.5,bullish,1,1,0,0,1
2024-04-03,39,34,43.0,bullish,1,1,0,0,1
2024-04-04,37,33,41.5,bullish,0,1,0,0,1
2024-04-05,43,36,33.0,bullish,0,1,0,1,1
2024-04-08,21,21,26.0,bullish,0,0,0,0,0
2024-04-09,6,5,2.0,bullish,0,0,0,0,1
2024-04-11,2,2,0.0,neutral,0,0,0,1,0
2024-04-15,16,15,3.0,bullish,0,0,0,0,1
2024-04-16,11,9,17.5,bullish,0,1,0,0,0
2024-04-17,29,25,18.0,bullish,1,1,0,0,1
2024-04-18,22,18,13.5,bullish,0,1,0,1,1
2024-04-19,20,18,6.0,bullish,0,0,0,0,1
2024-04-22,29,26,13.0,bullish,0,0,0,1,1
2024-04-23,1,1,0.0,neutral,0,0,0,1,0
2024-04-24,27,25,0.5,neutral,0,1,0,0,1
2024-04-25,17,13,-1.0,bearish,1,0,0,1,1
2024-04-26,22,16,7.3,bullish,1,0,0,1,1
2024-04-29,25,22,9.5,bullish,1,1,0,0,1
2024-04-30,31,28,4.5,bullish,1,1,0,0,1
2024-05-01,5,3,0.0,neutral,0,0,0,0,1
2024-05-02,25,21,11.0,bullish,1,1,0,0,1
2024-05-03,13,12,4.0,bullish,0,0,0,0,1
2024-05-05,1,1,0.0,neutral,0,0,0,0,0
2024-05-06,8,7,2.0,bullish,0,0,0,0,0
2024-05-07,10,10,7.0,bullish,0,0,0,1,1
2024-05-08,15,14,17.6,bullish,1,0,0,0,1
2024-05-09,17,16,-6.0,bearish,1,0,0,0,1
2024-05-10,24,18,12.0,bullish,1,0,0,1,1
2024-05-13,26,25,25.3,bullish,1,1,0,0,1
2024-05-14,18,16,12.0,bullish,0,0,0,1,1
2024-05-15,9,9,13.0,bullish,0,0,0,0,1
2024-05-16,20,19,6.5,bullish,0,1,0,1,1
2024-05-17,21,17,-3.8,bearish,0,0,0,0,1
2024-05-20,20,17,11.5,bullish,1,1,0,0,1
2024-05-21,23,20,1.8,bullish,1,0,0,0,1
2024-05-22,34,32,6.0,bullish,1,0,0,1,1
2024-05-23,22,19,7.0,bullish,1,0,0,1,1
2024-05-24,15,15,24.900000000000002,bullish,0,1,0,1,1
2024-05-26,4,4,2.5,bullish,0,1,0,0,1
2024-05-27,20,19,10.0,bullish,1,0,0,1,1
2024-05-28,16,14,4.0,bullish,1,0,0,1,1
2024-05-29,21,16,8.0,bullish,1,0,0,1,1
2024-05-30,16,15,4.0,bullish,1,0,0,1,1
2024-05-31,19,16,9.8,bullish,1,0,0,0,1
2024-06-01,1,1,0.0,neutral,0,0,0,0,1
2024-06-03,10,9,6.2,bullish,0,0,1,0,1
2024-06-04,13,12,-1.8,bearish,0,0,1,0,1
2024-06-05,25,20,14.3,bullish,1,1,0,0,1
2024-06-06,11,10,10.8,bullish,0,0,0,0,1
2024-06-07,14,11,9.8,bullish,0,0,0,0,1
2024-06-10,9,7,-3.0,bearish,0,0,0,1,1
2024-06-11,6,6,-1.0,bearish,0,0,0,0,1
2024-06-12,11,10,4.3,bullish,1,0,0,0,1
2024-06-13,36,35,17.5,bullish,0,1,0,1,1
2024-06-14,35,32,22.5,bullish,1,1,0,1,1
2024-06-20,14,13,5.0,bullish,0,0,0,1,1
2024-06-21,9,8,3.0,bullish,0,0,0,0,0
2024-06-23,1,1,1.0,bullish,0,0,0,0,0
2024-06-24,12,10,3.0,bullish,0,0,0,0,1
2024-06-25,7,7,3.0,bullish,0,0,0,0,0
2024-06-26,11,10,9.2,bullish,0,0,1,0,0
2024-06-27,16,16,10.0,bullish,0,0,0,1,1
2024-06-28,17,14,7.5,bullish,0,1,0,0,1
2024-07-01,27,11,5.0,bullish,0,0,0,1,1
2024-07-02,6,4,0.0,neutral,0,0,0,0,0
2024-07-03,7,5,-1.0,bearish,0,0,0,0,1
2024-07-04,5,4,0.0,neutral,0,0,0,0,1
2024-07-05,15,12,3.0,bullish,0,0,0,0,1
2024-07-08,15,14,1.0,bullish,0,0,0,0,1
2024-07-09,11,9,7.0,bullish,0,0,0,1,1
2024-07-10,8,8,3.0,bullish,0,0,0,0,1
2024-07-11,10,9,8.0,bullish,0,0,0,0,1
2024-07-12,11,10,9.0,bullish,0,0,0,0,0
2024-07-16,8,8,3.0,bullish,0,0,0,0,1
2024-07-17,3,3,9.0,bullish,0,0,0,0,0
2024-07-18,7,6,1.0,bullish,0,0,0,0,1
2024-07-19,11,9,5.0,bullish,0,0,0,0,1
2024-07-22,22,19,2.5,bullish,1,0,0,0,1
2024-07-23,10,9,6.0,bullish,0,0,0,1,0
2024-07-24,10,9,10.0,bullish,0,0,0,1,0
2024-07-25,8,7,-1.8,bearish,0,0,0,0,1
2024-07-26,15,14,6.0,bullish,0,0,0,1,1
2024-07-29,16,14,7.0,bullish,1,0,0,1,1
2024-07-30,26,20,4.0,bullish,1,0,0,1,1
2024-07-31,16,12,5.2,bullish,1,0,1,0,1
2024-08-01,14,11,-8.0,bearish,1,0,0,1,1
2024-08-02,14,11,6.0,bullish,0,0,0,0,1
2024-08-05,31,27,11.7,bullish,1,1,1,0,1
2024-08-06,18,11,5.0,bullish,1,0,0,0,1
2024-08-07,12,9,5.2,bullish,1,0,1,0,1
2024-08-08,17,15,8.3,bullish,1,0,0,1,1
2024-08-09,29,24,31.6,bullish,0,0,0,0,1
2024-08-12,20,13,13.0,bullish,1,0,0,0,1
2024-08-13,14,12,2.3,bullish,0,0,0,1,0
2024-08-14,9,8,2.0,bullish,0,0,0,0,0
2024-08-15,11,10,4.3,bullish,1,0,0,0,0
2024-08-16,19,16,7.0,bullish,1,0,0,0,1
2024-08-19,10,9,9.0,bullish,0,0,0,1,1
2024-08-20,20,15,8.0,bullish,1,0,0,0,1
2024-08-21,17,16,10.2,bullish,0,0,1,1,1
2024-08-22,14,11,-5.0,bearish,0,0,0,0,1
2024-08-23,11,10,8.8,bullish,0,0,0,0,1
2024-08-26,18,14,12.3,bullish,1,0,0,0,1
2024-08-27,10,8,3.2,bullish,0,0,1,0,1
2024-08-28,14,12,19.2,bullish,1,0,1,0,1
2024-08-29,24,20,10.5,bullish,1,0,1,1,1
2024-08-30,1,1,0.0,neutral,0,0,0,1,0
2024-09-02,18,16,12.600000000000001,bullish,1,0,0,1,1
2024-09-03,10,7,1.0,bullish,0,0,0,0,1
2024-09-04,16,13,-5.0,bearish,0,0,0,0,1
2024-09-05,9,9,1.2,bullish,0,0,0,0,1
2024-09-06,16,13,9.8,bullish,0,0,0,0,1
2024-09-09,8,8,0.0,neutral,0,0,0,0,1
2024-09-10,11,7,4.0,bullish,1,0,0,0,1
2024-09-11,13,12,3.0,bullish,0,0,0,1,1
2024-09-12,13,8,-1.0,bearish,1,0,0,0,1
2024-09-13,19,17,8.0,bullish,0,0,0,0,1
2024-09-16,15,13,8.0,bullish,1,0,0,0,1
2024-09-17,8,8,4.0,bullish,0,0,0,1,0
2024-09-18,13,13,2.0,bullish,1,0,0,1,1
2024-09-19,14,12,8.0,bullish,0,0,0,1,1
2024-09-20,21,19,4.0,bullish,0,0,0,0,0
2024-09-23,7,7,0.0,neutral,0,0,0,1,1
2024-09-24,15,15,7.5,bullish,0,1,0,0,0
2024-09-25,18,17,9.0,bullish,0,0,0,0,0
2024-09-26,18,14,12.0,bullish,1,0,0,0,1
2024-09-27,10,7,7.0,bullish,0,0,0,0,1
2024-09-30,14,14,3.0,bullish,0,0,0,1,1
2024-10-01,26,12,3.0,bullish,0,0,0,0,1
2024-10-02,20,15,15.0,bullish,0,0,0,0,1
2024-10-03,17,13,-0.8,neutral,0,0,1,0,1
2024-10-04,22,21,11.0,bullish,0,0,0,0,1
2024-10-07,21,19,10.2,bullish,0,0,1,1,1
2024-10-08,14,10,2.0,bullish,0,0,0,0,1
2024-10-09,11,10,6.2,bullish,0,0,1,0,1
2024-10-10,10,7,0.0,neutral,0,0,0,0,1
2024-10-11,9,8,5.0,bullish,0,0,0,0,0
2024-10-14,13,12,14.899999999999999,bullish,0,1,1,1,1
2024-10-15,18,15,7.2,bullish,1,0,1,0,1
2024-10-16,4,4,4.0,bullish,0,0,0,0,1
2024-10-17,11,9,7.5,bullish,0,1,0,0,1
2024-10-18,14,8,0.0,neutral,0,0,0,0,1
2024-10-21,14,12,4.0,bullish,0,0,0,0,1
2024-10-22,9,8,1.0,bullish,1,0,0,1,0
2024-10-23,23,22,16.5,bullish,1,0,1,0,1
2024-10-24,17,12,7.2,bullish,1,0,1,0,1
2024-10-25,27,25,17.4,bullish,1,0,1,1,1
2024-10-28,6,6,2.0,bullish,0,0,0,0,0
2024-10-30,22,19,15.2,bullish,1,0,1,0,1
2024-10-31,20,17,17.2,bullish,1,0,1,0,1
2024-11-01,12,10,6.2,bullish,0,0,1,0,1
2024-11-04,26,17,21.2,bullish,1,0,1,0,1
2024-11-05,32,26,10.7,bullish,1,1,1,0,1
2024-11-06,19,16,10.5,bullish,1,1,0,0,1
2024-11-07,31,27,13.2,bullish,1,0,1,0,1
2024-11-08,24,20,13.2,bullish,1,0,1,1,1
2024-11-09,1,1,0.0,neutral,0,0,0,0,1
2024-11-11,25,21,11.2,bullish,1,0,1,0,1
2024-11-12,7,7,3.0,bullish,0,0,0,1,1
2024-11-13,13,12,17.4,bullish,0,0,1,0,1
2024-11-14,20,19,9.2,bullish,0,0,1,1,1
2024-11-15,13,11,13.2,bullish,0,0,1,0,1
2024-11-18,10,9,7.2,bullish,0,0,1,0,1
2024-11-19,11,8,11.0,bullish,0,0,1,1,1
2024-11-20,19,14,11.5,bullish,0,1,0,0,1
2024-11-21,10,10,13.399999999999999,bullish,0,0,1,0,1
2024-11-22,16,15,24.8,bullish,0,0,0,0,1
2024-11-25,12,12,6.0,bullish,0,0,0,1,1
2024-11-26,13,12,16.0,bullish,0,0,1,0,1
2024-11-27,20,20,22.8,bullish,0,0,0,0,1
2024-11-28,14,13,14.0,bullish,0,0,0,0,0
2024-11-29,18,14,7.8,bullish,0,0,0,0,1
2024-12-01,1,1,4.2,bullish,0,0,1,0,0
2024-12-02,18,16,7.0,bullish,0,0,0,0,1
2024-12-03,8,7,0.0,neutral,0,0,0,0,1
2024-12-04,11,11,13.2,bullish,0,0,1,0,1
2024-12-05,9,9,7.2,bullish,0,0,1,0,1
2024-12-06,11,9,10.2,bullish,0,0,1,0,1
2024-12-09,14,14,4.0,bullish,0,0,0,0,1
2024-12-10,14,13,12.399999999999999,bullish,0,0,1,0,1
2024-12-11,15,13,7.0,bullish,0,0,1,1,1
2024-12-12,9,9,5.2,bullish,0,0,1,0,1
2024-12-13,15,12,9.0,bullish,0,0,1,0,1
2024-12-15,1,1,0.0,neutral,0,0,0,1,0
2024-12-16,9,9,8.8,bullish,0,0,0,1,1
2024-12-17,17,17,21.0,bullish,0,0,0,0,1
2024-12-18,14,13,11.0,bullish,0,0,0,0,1
2024-12-19,17,16,7.0,bullish,0,0,0,1,1
2024-12-20,31,29,24.6,bullish,0,0,0,0,1
2024-12-23,23,22,13.400000000000002,bullish,0,0,0,1,1
2024-12-24,14,14,15.5,bullish,0,0,1,1,1
2024-12-25,15,15,6.0,bullish,0,0,0,0,1
2024-12-26,19,16,12.0,bullish,0,0,0,1,1
2024-12-27,22,21,5.2,bullish,0,0,0,1,1
2024-12-29,3,3,0.0,neutral,0,0,0,0,1
2024-12-30,15,14,5.0,bullish,0,0,0,0,1
2024-12-31,23,21,4.3,bullish,0,0,0,0,1
2025-01-02,21,18,-2.0,bearish,0,0,0,0,1
2025-01-03,30,28,6.0,bullish,0,0,0,0,1
2025-01-06,71,69,-2.0,bearish,0,0,0,0,1
2025-01-07,36,35,-4.0,bearish,0,0,0,0,1
2025-01-08,37,36,1.0,bullish,0,0,0,0,1
2025-01-09,3,3,4.0,bullish,0,0,0,0,0
2025-01-10,18,17,5.0,bullish,0,0,0,0,1
2025-01-13,24,19,-1.0,bearish,0,0,0,1,0
2025-01-14,18,17,1.0,bullish,0,0,0,0,1
2025-01-15,19,19,19.8,bullish,0,0,0,0,1
2025-01-16,8,8,7.0,bullish,0,0,0,0,1
2025-01-17,10,10,4.0,bullish,0,0,0,0,1
2025-01-20,8,7,-2.8,bearish,0,0,0,0,0
2025-01-21,17,16,5.0,bullish,0,0,0,0,1
2025-01-22,12,11,3.0,bullish,0,0,0,0,1
2025-01-23,6,6,3.0,bullish,0,0,0,0,1
2025-01-24,17,16,11.0,bullish,0,0,0,1,1
2025-01-27,4,4,0.0,neutral,0,0,0,0,1
2025-01-28,15,13,4.0,bullish,0,0,0,0,1
2025-01-29,15,13,15.600000000000001,bullish,1,0,0,0,1
2025-01-30,19,15,11.8,bullish,1,0,0,1,0
2025-01-31,34,27,3.0,bullish,1,0,0,0,1
2025-02-01,1,0,0.0,neutral,0,0,0,0,0
2025-02-03,12,12,-6.0,bearish,0,0,0,0,1
2025-02-04,5,4,9.0,bullish,0,0,0,0,0
2025-02-05,12,10,12.0,bullish,0,0,0,1,1
2025-02-06,10,10,0.0,neutral,0,0,0,0,1
2025-02-07,16,14,1.0,bullish,0,0,0,0,1
2025-02-10,9,8,8.0,bullish,0,0,0,0,1
2025-02-11,5,5,6.3,bullish,0,0,0,0,1
2025-02-12,26,22,9.0,bullish,1,0,0,0,1
2025-02-13,13,12,6.0,bullish,1,0,0,0,1
2025-02-14,30,28,34.5,bullish,0,1,0,0,1
2025-02-16,1,1,0.0,neutral,0,0,0,0,0
2025-02-17,21,17,16.5,bullish,1,1,0,0,1
2025-02-18,26,21,12.5,bullish,1,1,0,0,1
2025-02-19,12,8,13.0,bullish,0,0,0,0,1
2025-02-20,9,8,-2.0,bearish,0,0,0,0,1
2025-02-21,10,6,0.0,neutral,0,0,0,0,1
2025-02-22,1,1,1.0,bullish,0,0,0,0,0
2025-02-24,14,13,2.0,bullish,0,0,0,0,1
2025-02-25,25,23,7.0,bullish,1,0,0,0,1
2025-02-26,13,11,8.0,bullish,0,0,0,0,1
2025-02-27,46,42,47.3,bullish,1,1,0,1,1
2025-02-28,56,47,57.5,bullish,1,1,0,0,1
2025-03-01,1,1,0.0,neutral,0,0,0,0,0
2025-03-03,55,49,71.5,bullish,1,1,0,0,1
2025-03-04,36,31,37.0,bullish,1,1,0,0,1
2025-03-05,22,19,26.0,bullish,1,1,0,0,1
2025-03-06,28,24,33.0,bullish,1,1,0,0,1
2025-03-07,20,15,17.5,bullish,1,1,0,0,1
2025-03-10,32,27,19.5,bullish,1,1,0,1,1
2025-03-11,39,32,22.0,bullish,0,0,0,0,1
2025-03-12,23,21,25.0,bullish,1,0,0,0,1
2025-03-13,13,12,7.0,bullish,0,0,0,0,1
2025-03-14,4,4,4.0,bullish,0,0,0,0,1
2025-03-17,8,8,3.0,bullish,0,0,0,0,1
2025-03-18,8,7,6.0,bullish,0,0,0,0,1
2025-03-19,14,10,5.2,bullish,0,0,1,1,1
2025-03-20,22,14,22.4,bullish,0,0,1,0,1
2025-03-21,27,18,32.4,bullish,0,1,1,0,1
2025-03-24,23,12,24.7,bullish,0,1,1,1,1
2025-03-25,26,22,42.2,bullish,0,1,1,1,1
2025-03-26,39,37,100.7,bullish,0,1,1,1,1
2025-03-27,48,46,85.5,bullish,0,1,0,0,1
2025-03-28,43,41,76.5,bullish,0,1,0,0,1
2025-04-02,16,11,18.0,bullish,0,0,0,0,1
2025-04-03,19,17,25.5,bullish,0,1,0,0,1
2025-04-04,11,10,6.0,bullish,0,0,0,1,0
2025-04-07,17,17,21.0,bullish,0,0,0,0,1
2025-04-08,13,13,5.0,bullish,0,0,0,0,1
2025-04-09,20,20,22.0,bullish,0,0,0,0,1
2025-04-10,14,11,11.0,bullish,0,0,0,0,1
2025-04-11,23,20,11.0,bullish,0,0,0,0,1
2025-04-12,1,1,0.0,neutral,0,0,0,0,0
2025-04-13,1,1,1.0,bullish,0,0,0,0,1
2025-04-14,14,14,21.5,bullish,0,1,0,0,1
2025-04-15,10,9,26.7,bullish,0,1,1,0,0
2025-04-16,13,12,24.2,bullish,0,0,1,0,0
2025-04-17,15,14,15.2,bullish,0,0,1,0,1
2025-04-18,22,19,9.2,bullish,0,0,1,0,1
2025-04-21,25,24,24.2,bullish,0,0,1,0,1
2025-04-22,20,18,25.599999999999998,bullish,0,0,1,0,1
2025-04-24,19,16,29.9,bullish,1,1,1,0,1
2025-04-25,20,15,20.7,bullish,1,1,1,0,1
2025-04-28,34,22,16.2,bullish,1,0,1,0,1
2025-04-29,42,36,55.60000000000001,bullish,1,1,1,0,1
2025-04-30,31,26,21.0,bullish,1,0,1,0,1
2025-05-01,1,1,-1.0,bearish,0,0,0,0,1
2025-05-02,10,8,10.2,bullish,0,0,1,0,1
2025-05-03,1,1,1.0,bullish,0,0,0,0,0
2025-05-05,15,15,19.5,bullish,0,1,0,0,1
2025-05-06,32,27,17.2,bullish,1,0,1,0,1
2025-05-07,29,22,18.2,bullish,1,0,1,0,1
2025-05-08,24,20,7.2,bullish,1,0,1,0,1
2025-05-09,46,37,43.0,bullish,1,1,1,0,1
2025-05-12,16,14,6.0,bullish,1,0,0,0,1
2025-05-13,17,16,5.0,bullish,0,0,0,0,0
2025-05-14,21,19,37.2,bullish,0,1,1,0,1
2025-05-15,25,22,17.9,bullish,0,1,1,0,1
2025-05-16,12,12,5.0,bullish,0,0,0,0,1
2025-05-20,20,16,11.0,bullish,0,0,0,0,1
2025-05-21,17,16,32.4,bullish,0,1,1,0,1
2025-05-22,13,12,9.0,bullish,0,0,0,1,1
2025-05-23,4,4,2.0,bullish,0,0,0,1,1
2025-05-26,10,7,16.0,bullish,0,0,0,1,1
2025-05-27,12,12,10.0,bullish,0,0,0,1,1
2025-05-28,10,8,17.2,bullish,0,0,1,0,1
2025-05-29,29,26,19.0,bullish,0,1,0,1,1
2025-05-30,34,32,26.8,bullish,0,0,0,1,1
2025-05-31,1,1,0.0,neutral,0,0,0,0,0
2025-06-02,14,13,3.0,bullish,0,0,0,1,1
2025-06-03,17,17,4.0,bullish,0,0,0,0,1
2025-06-04,17,16,11.2,bullish,0,0,0,0,1
2025-06-05,5,5,1.0,bullish,0,0,0,0,0
2025-06-09,1,1,0.0,neutral,0,0,0,0,0
2025-06-10,15,13,0.0,neutral,0,0,0,0,1
2025-06-11,18,18,14.0,bullish,0,0,0,1,1
2025-06-12,10,9,9.5,bullish,0,1,0,0,1
2025-06-13,23,19,20.0,bullish,0,0,0,1,1
2025-06-16,15,14,19.8,bullish,0,0,0,0,1
2025-06-17,7,6,4.0,bullish,0,0,0,0,0
2025-06-18,20,18,3.0,bullish,0,0,0,0,0
2025-06-19,12,10,11.8,bullish,0,0,0,0,0
2025-06-20,24,23,18.0,bullish,0,0,0,0,1
2025-06-23,19,17,12.0,bullish,0,0,0,1,1
2025-06-24,11,11,6.2,bullish,0,0,0,0,1
2025-06-25,22,21,20.3,bullish,0,0,0,0,1
2025-06-26,17,16,17.8,bullish,0,0,0,0,1
2025-06-27,12,11,4.0,bullish,0,0,1,0,1
2025-06-30,14,13,9.2,bullish,0,0,1,0,0
2025-07-01,15,11,7.0,bullish,0,0,0,1,1
2025-07-02,6,5,5.0,bullish,0,0,0,0,0
2025-07-03,9,8,0.0,neutral,0,0,0,0,1
2025-07-04,13,13,3.0,bullish,0,0,0,0,1
2025-07-07,9,9,0.0,neutral,0,0,0,0,1
2025-07-08,12,10,6.0,bullish,0,0,0,0,1
2025-07-09,7,5,-1.0,bearish,0,0,0,1,0
2025-07-10,10,8,10.0,bullish,0,0,0,0,1
2025-07-11,11,8,0.0,neutral,0,0,0,0,1
2025-07-12,1,1,0.0,neutral,0,0,0,0,0
2025-07-14,2,2,3.0,bullish,0,0,0,0,0
2025-07-15,1,1,0.0,neutral,0,0,0,0,0
2025-07-16,6,5,6.0,bullish,0,0,0,0,1
2025-07-17,4,3,2.0,bullish,0,0,0,0,1
2025-07-18,11,9,0.0,neutral,0,0,0,1,1
2025-07-21,13,13,4.0,bullish,0,0,0,0,1
2025-07-22,6,5,1.0,bullish,0,0,0,0,1
2025-07-23,8,8,0.0,neutral,0,0,0,0,1
2025-07-24,5,5,2.0,bullish,0,0,0,0,1
2025-07-25,19,16,5.0,bullish,1,0,0,0,1
2025-07-28,9,7,3.0,bullish,1,0,0,0,1
2025-07-29,38,33,15.3,bullish,1,0,0,1,1
2025-07-30,21,16,10.0,bullish,1,0,0,0,1
2025-07-31,38,35,49.0,bullish,1,0,0,1,1
2025-08-01,16,16,7.0,bullish,0,0,0,0,1
2025-08-04,8,8,0.0,neutral,0,0,0,1,1
2025-08-05,33,25,9.0,bullish,1,0,0,0,1
2025-08-06,10,9,2.2,bullish,1,0,0,0,0
2025-08-07,11,10,4.0,bullish,1,0,0,0,1
2025-08-08,15,15,6.0,bullish,0,0,0,0,1
2025-08-11,16,14,2.0,bullish,0,0,0,0,1
2025-08-12,20,16,5.0,bullish,1,0,0,0,1
2025-08-13,31,28,18.0,bullish,1,0,0,1,1
2025-08-14,14,13,8.0,bullish,1,0,0,1,1
2025-08-15,19,16,10.5,bullish,1,1,0,0,1
2025-08-18,18,15,-1.0,bearish,1,0,0,0,1
2025-08-19,14,12,7.3,bullish,1,0,0,1,1
2025-08-20,6,5,5.6,bullish,0,0,0,0,0
2025-08-21,5,5,3.3,bullish,0,0,0,1,0
2025-08-22,7,5,0.0,neutral,0,0,0,0,1
2025-08-23,2,1,0.0,neutral,0,0,0,0,1
2025-08-25,9,9,6.0,bullish,0,0,0,0,1
2025-08-26,13,11,9.0,bullish,0,0,0,0,1
2025-08-27,7,7,13.0,bullish,0,0,0,0,1
2025-08-28,6,5,3.0,bullish,0,0,0,0,1
2025-08-29,10,8,5.0,bullish,0,0,0,1,1
2025-09-01,11,9,1.0,bullish,0,0,0,0,1
2025-09-02,30,3,3.0,bullish,0,0,0,0,1
2025-09-03,13,6,1.0,bullish,0,0,0,0,1
2025-09-04,9,8,4.0,bullish,0,0,0,0,1
2025-09-05,7,7,1.0,bullish,0,0,0,0,1
2025-09-06,3,3,1.0,bullish,0,0,0,0,1
2025-09-08,17,15,16.0,bullish,0,0,0,0,1
2025-09-09,5,5,2.0,bullish,0,0,0,0,1
2025-09-10,8,8,4.0,bullish,0,0,0,0,1
2025-09-11,7,4,-2.0,bearish,0,0,0,0,1
2025-09-12,13,12,13.2,bullish,0,0,1,0,1
2025-09-15,7,4,1.0,bullish,0,0,0,0,1
2025-09-16,8,8,6.3,bullish,0,0,0,0,0
2025-09-17,7,7,3.0,bullish,0,0,0,0,1
2025-09-18,8,8,10.399999999999999,bullish,0,0,1,0,0
2025-09-19,12,12,-5.0,bearish,0,0,0,0,1
2025-09-21,3,3,0.0,neutral,0,0,0,0,1
2025-09-22,5,5,-1.0,bearish,0,0,0,0,1
2025-09-23,11,9,1.0,bullish,0,0,0,1,0
2025-09-24,13,13,9.0,bullish,0,0,0,0,1
2025-09-25,18,16,4.0,bullish,0,0,0,0,1
2025-09-26,15,13,18.2,bullish,0,0,1,0,1
2025-09-29,6,6,0.0,neutral,0,0,0,1,0
2025-09-30,20,19,19.0,bullish,0,0,0,1,1
2025-10-01,34,33,12.0,bullish,0,0,0,0,1
2025-10-02,16,10,7.0,bullish,0,0,0,0,1
2025-10-03,12,7,6.2,bullish,0,0,0,0,1
2025-10-06,10,10,6.0,bullish,0,0,0,0,1
2025-10-07,10,10,3.0,bullish,0,0,0,0,1
2025-10-08,6,6,2.0,bullish,0,0,0,0,1
2025-10-09,9,8,4.2,bullish,0,0,1,0,1
2025-10-10,10,7,3.0,bullish,0,0,0,0,1
2025-10-13,8,8,-3.0,bearish,0,0,0,0,1
2025-10-14,22,14,5.3,bullish,0,0,0,0,1
2025-10-15,12,11,3.0,bullish,0,0,0,1,1
2025-10-16,15,12,1.2,bullish,0,0,1,0,1
2025-10-17,11,7,-1.0,bearish,0,0,0,0,1
2025-10-18,1,1,4.2,bullish,0,0,1,0,0
2025-10-20,13,11,-2.0,bearish,1,0,0,1,1
2025-10-21,17,17,6.2,bullish,0,0,1,0,0
2025-10-22,5,5,2.0,bullish,0,0,0,1,1
2025-10-23,18,15,6.0,bullish,1,0,0,0,1
2025-10-24,22,18,0.3,neutral,1,0,0,1,1
2025-10-27,21,18,7.6,bullish,1,0,0,0,1
2025-10-28,11,11,-2.0,bearish,0,0,0,0,1
2025-10-30,23,18,27.7,bullish,1,1,1,0,1
2025-10-31,29,21,3.3,bullish,1,0,0,0,1
2025-11-03,27,24,-10.0,bearish,1,0,0,1,1
2025-11-04,35,28,33.2,bullish,1,0,1,0,1
2025-11-05,20,15,16.2,bullish,1,0,1,0,1
2025-11-06,22,16,7.5,bullish,1,1,0,0,1
2025-11-07,40,31,4.5,bullish,1,1,0,1,1
2025-11-10,20,18,4.0,bullish,1,0,0,0,1
2025-11-11,20,12,6.0,bullish,0,0,0,0,1
2025-11-12,15,15,9.399999999999999,bullish,0,0,1,0,1
2025-11-13,8,8,2.0,bullish,0,0,0,0,1
2025-11-14,17,15,19.2,bullish,0,0,1,0,1
2025-11-17,6,5,2.0,bullish,0,0,0,0,1
2025-11-18,19,16,4.3,bullish,0,0,0,0,1
2025-11-19,10,9,12.3,bullish,0,0,0,0,1
2025-11-20,15,15,9.0,bullish,0,0,0,0,1
2025-11-21,10,8,6.0,bullish,0,0,0,0,1
2025-11-24,16,15,5.2,bullish,0,0,1,0,1
2025-11-25,19,16,10.0,bullish,0,0,0,1,1
2025-11-26,1,1,1.0,bullish,0,0,0,0,1
2025-11-27,9,9,10.3,bullish,0,0,0,0,0
2025-11-28,8,7,17.7,bullish,0,1,1,0,1
2025-12-01,7,7,0.0,neutral,0,0,0,0,0
2025-12-02,9,9,2.0,bullish,0,0,0,0,1
2025-12-03,11,9,10.0,bullish,0,0,0,0,1
2025-12-04,19,15,18.2,bullish,0,0,1,0,1
2025-12-05,12,12,7.8,bullish,0,0,0,1,1
2025-12-06,1,1,4.2,bullish,0,0,1,0,0
2025-12-08,25,23,15.2,bullish,0,0,1,0,1
2025-12-09,11,11,9.0,bullish,0,0,1,0,1
2025-12-10,17,17,11.0,bullish,0,0,0,0,1
2025-12-11,11,9,10.8,bullish,0,0,0,0,1
2025-12-12,15,13,17.0,bullish,0,0,0,1,1
2025-12-15,19,17,4.0,bullish,0,0,0,1,1
2025-12-16,18,18,3.0,bullish,0,0,0,1,1
2025-12-17,25,22,26.8,bullish,0,0,0,0,1
2025-12-18,15,14,7.2,bullish,0,0,1,0,1
2025-12-19,20,20,19.2,bullish,0,0,1,1,1
2025-12-22,22,18,2.0,bullish,0,0,0,0,1
2025-12-23,20,20,0.0,neutral,0,0,0,1,1
2025-12-24,20,19,1.0,bullish,0,0,1,0,1
2025-12-25,16,14,2.0,bullish,0,0,0,0,1
2025-12-26,21,20,13.0,bullish,0,0,0,1,1
2025-12-29,24,21,10.2,bullish,0,0,1,1,1
2025-12-30,27,26,7.0,bullish,0,0,0,0,1
2025-12-31,16,11,7.3,bullish,0,0,0,0,1
2026-01-01,3,2,1.0,bullish,0,0,0,0,0
2026-01-02,13,12,-3.0,bearish,0,0,0,0,1
2026-01-03,2,1,1.0,bullish,0,0,0,0,0
2026-01-05,15,13,0.0,neutral,0,0,0,0,1
2026-01-06,20,19,12.8,bullish,0,0,0,0,1
2026-01-07,6,6,0.0,neutral,0,0,0,0,1
2026-01-08,80,78,0.0,neutral,0,0,0,0,1
2026-01-09,54,53,-4.0,bearish,0,0,0,0,1
2026-01-12,15,15,0.0,neutral,1,0,0,1,1
2026-01-13,8,8,7.0,bullish,0,0,0,0,1
2026-01-14,10,10,11.0,bullish,0,0,0,0,1
2026-01-15,19,18,9.0,bullish,0,0,0,0,1
2026-01-16,24,24,13.0,bullish,0,0,0,0,1
2026-01-19,24,22,-3.0,bearish,0,0,0,0,1
2026-01-20,21,20,8.0,bullish,0,0,0,0,1
2026-01-21,16,12,2.0,bullish,0,0,0,0,1
2026-01-22,23,21,14.0,bullish,0,0,0,0,1
2026-01-23,11,11,6.0,bullish,0,0,0,0,1
2026-01-26,12,12,6.0,bullish,0,0,0,0,1
2026-01-27,17,16,16.0,bullish,0,0,0,0,1
2026-01-28,19,19,5.0,bullish,0,0,0,0,1
2026-01-29,13,11,-1.2,bearish,0,0,0,1,0
2026-01-30,20,17,-2.0,bearish,1,0,0,0,1
2026-01-31,1,1,0.0,neutral,0,0,0,0,0
2026-02-02,19,15,-1.0,bearish,1,0,0,0,1
2026-02-03,11,10,-1.0,bearish,0,0,0,0,1
2026-02-04,16,13,9.8,bullish,1,0,0,1,1
2026-02-05,10,7,6.0,bullish,1,0,0,0,1
2026-02-06,21,16,3.5,bullish,1,1,0,1,1
2026-02-09,23,21,-1.0,bearish,1,0,0,0,1
2026-02-10,34,32,18.5,bullish,1,1,0,0,1
2026-02-11,18,16,13.0,bullish,1,0,0,0,1
2026-02-12,9,7,3.0,bullish,0,0,0,0,1
2026-02-13,37,35,24.5,bullish,0,1,0,1,1
2026-02-16,22,21,10.5,bullish,1,1,0,0,1
2026-02-17,51,46,19.5,bullish,1,1,0,0,1
2026-02-18,26,19,14.7,bullish,1,1,1,0,1
2026-02-19,30,17,12.2,bullish,0,1,0,1,1
2026-02-20,13,9,8.8,bullish,0,0,0,0,1
2026-02-23,7,6,3.0,bullish,0,0,0,0,1
2026-02-24,29,25,18.0,bullish,1,0,0,1,1
2026-02-25,15,13,36.0,bullish,0,1,1,0,1
2026-02-26,9,9,9.2,bullish,0,0,1,0,1
2026-02-27,19,14,10.2,bullish,0,0,1,1,1
2026-03-02,27,25,22.0,bullish,0,0,0,0,1
2026-03-03,16,10,15.5,bullish,0,1,0,0,0
2026-03-04,76,67,75.0,bullish,1,1,0,0,1
2026-03-05,32,26,28.5,bullish,1,1,0,1,1
2026-03-06,22,15,16.0,bullish,0,0,0,0,1
2026-03-07,13,11,1.5,bullish,1,1,0,0,1
2026-03-09,23,19,21.5,bullish,0,1,0,0,1
2026-03-10,23,19,9.0,bullish,1,0,0,0,1
2026-03-11,40,33,21.5,bullish,1,1,0,0,1
2026-03-12,23,20,23.0,bullish,0,1,0,0,1
2026-03-13,34,32,63.5,bullish,0,1,0,0,1
2026-03-16,19,17,32.0,bullish,0,1,0,0,1
2026-03-17,11,11,27.5,bullish,0,1,0,0,1
2026-03-18,28,25,18.0,bullish,0,1,0,0,1
2026-03-19,10,10,6.0,bullish,0,0,0,0,0
2026-03-23,19,14,13.0,bullish,0,0,0,1,1
2026-03-24,11,10,16.5,bullish,0,1,0,0,1
2026-03-25,18,18,9.0,bullish,0,0,0,1,1
2026-03-26,27,26,14.5,bullish,0,1,0,0,1
2026-03-27,31,30,47.5,bullish,0,1,0,0,1
2026-03-28,1,1,-1.0,bearish,0,0,0,0,1
2026-03-30,15,15,9.5,bullish,0,1,0,0,1
2026-03-31,37,35,56.2,bullish,0,1,1,1,1
2026-04-01,22,20,14.8,bullish,0,0,0,0,1
2026-04-02,15,13,10.8,bullish,0,0,0,0,1
2026-04-03,17,14,8.0,bullish,0,0,0,1,1
2026-04-06,14,14,13.0,bullish,0,0,0,0,1
2026-04-07,15,13,25.5,bullish,0,1,0,0,1
2026-04-08,19,18,18.0,bullish,0,0,0,0,1
2026-04-09,22,18,26.0,bullish,0,1,0,0,1
2026-04-10,28,27,38.5,bullish,0,1,0,0,1
2026-04-13,21,20,30.0,bullish,0,1,0,0,1
2026-04-14,8,8,6.0,bullish,0,0,0,1,0
2026-04-15,9,9,-1.0,bearish,0,0,0,1,1
2026-04-16,9,9,4.0,bullish,0,0,0,0,1
2026-04-17,23,21,28.5,bullish,0,1,0,0,1
2026-04-20,19,18,30.5,bullish,0,1,0,0,1
2026-04-21,13,11,11.0,bullish,0,0,0,0,1
2026-04-22,10,8,0.0,neutral,1,0,0,0,1
2026-04-23,1,1,0.0,neutral,0,0,0,0,1
2026-04-24,11,11,6.0,bullish,0,0,0,0,0
2026-04-27,15,13,5.0,bullish,1,0,0,1,1
2026-04-28,26,19,15.5,bullish,1,1,0,0,1
2026-04-29,27,20,17.5,bullish,1,1,0,0,1
2026-04-30,9,7,2.0,bullish,0,0,0,0,1
2026-05-04,13,9,0.0,neutral,1,0,0,0,1
2026-05-05,38,28,31.2,bullish,1,1,1,0,1
2026-05-06,27,23,9.0,bullish,1,0,0,0,1
2026-05-07,12,11,16.5,bullish,1,1,0,0,1
2026-05-08,41,34,35.8,bullish,1,0,0,0,1
2026-05-11,41,34,18.5,bullish,1,1,0,0,1
2026-05-12,20,17,24.8,bullish,0,0,0,0,1
2026-05-13,28,25,27.3,bullish,0,1,0,0,1
2026-05-14,19,17,23.0,bullish,0,0,0,1,1
2026-05-15,34,30,21.0,bullish,0,1,0,1,1
2026-05-18,12,11,1.0,bullish,0,0,0,1,1
2026-05-19,1,1,0.0,neutral,0,0,0,1,0
2026-05-20,15,15,1.2,bullish,0,0,0,1,1
2026-05-21,40,16,0.8,neutral,0,0,0,0,1
2026-05-22,33,32,42.8,bullish,0,0,0,1,1
2026-05-25,4,2,0.0,neutral,0,0,0,0,0
2026-05-26,4,3,4.0,bullish,0,0,0,0,0
2026-05-27,1,1,0.0,neutral,0,0,0,0,0
2026-05-29,1,1,0.0,neutral,0,0,0,1,0
2026-06-01,18,15,10.0,bullish,0,0,0,0,1
2026-06-02,16,13,4.0,bullish,0,0,0,0,1
2026-06-03,12,9,11.8,bullish,0,0,0,0,1
2026-06-04,14,11,26.8,bullish,0,0,0,0,1
2026-06-05,12,10,9.8,bullish,0,0,0,0,1
2026-06-08,25,22,7.5,bullish,0,1,0,0,1
2026-06-09,20,18,-1.0,bearish,0,0,0,0,1
2026-06-10,15,15,4.8,bullish,0,0,0,0,1
2026-06-11,18,17,5.0,bullish,0,0,0,1,1
2026-06-12,20,19,8.0,bullish,0,0,0,0,1
2026-06-15,10,10,6.0,bullish,0,0,0,1,1
2026-06-16,6,6,4.0,bullish,0,0,0,0,1
2026-06-17,11,11,7.0,bullish,0,0,0,1,1
2026-06-18,19,17,9.0,bullish,0,0,0,0,1
2026-06-19,22,21,11.0,bullish,0,0,0,0,1
2026-06-22,15,13,3.0,bullish,0,0,0,0,1
2026-06-23,20,19,15.600000000000001,bullish,0,0,1,0,1
2026-06-24,12,11,7.0,bullish,0,0,0,0,1
2026-06-25,12,8,-0.8,neutral,0,0,0,0,1
2026-06-26,15,14,0.0,neutral,0,0,0,0,1
2026-06-29,10,10,3.0,bullish,0,0,0,0,1
2026-06-30,10,10,3.0,bullish,0,0,0,0,1
2026-07-01,20,20,5.0,bullish,0,0,0,0,1
2026-07-02,19,15,-1.2,bearish,0,0,0,1,1
2026-07-03,14,11,3.2,bullish,0,0,1,0,1
2026-07-06,14,13,5.2,bullish,0,0,1,0,1
2026-07-07,9,7,7.2,bullish,0,0,1,1,0
2026-07-08,17,15,7.0,bullish,0,0,1,0,1
2026-07-09,12,11,7.2,bullish,0,0,1,1,1
2026-07-10,11,11,10.2,bullish,0,0,1,0,1
2026-07-13,15,14,6.2,bullish,0,0,1,0,1
2026-07-14,7,7,1.0,bullish,0,0,0,0,0
2026-07-16,15,15,-2.0,bearish,0,0,0,1,1
2026-07-17,16,16,6.2,bullish,0,0,1,0,1
2026-07-20,16,15,8.0,bullish,0,0,0,0,0
2026-07-21,14,13,17.2,bullish,0,0,1,1,1
2026-07-22,9,6,1.0,bullish,0,0,0,0,1
2026-07-23,25,21,-1.8,bearish,0,0,1,1,1
2026-07-24,7,7,7.2,bullish,0,0,1,0,1
2026-07-27,16,12,5.2,bullish,0,0,1,0,1
2026-07-28,21,17,11.2,bullish,1,0,1,0,1
2026-07-29,21,19,13.2,bullish,1,0,1,1,1
2026-07-30,21,15,15.2,bullish,1,0,1,0,1
2026-07-31,13,11,9.0,bullish,1,0,0,0,1
2026-08-03,22,15,-2.0,bearish,1,0,0,0,1
2026-08-04,25,21,8.0,bullish,1,0,0,0,1
2026-08-05,27,22,11.8,bullish,1,0,0,0,1
2026-08-06,16,12,5.0,bullish,1,0,0,0,1
2026-08-07,16,13,8.0,bullish,0,0,0,0,1
2026-08-10,22,17,-1.0,bearish,1,0,0,0,1
2026-08-11,15,13,2.0,bullish,1,0,0,0,1
2026-08-12,27,25,11.0,bullish,1,0,0,0,1
2026-08-13,23,20,-8.0,bearish,1,0,0,1,1
2026-08-14,45,41,14.0,bullish,1,0,0,0,1
2026-08-17,15,12,9.600000000000001,bullish,1,0,0,0,1
2026-08-18,11,10,3.0,bullish,1,0,0,0,0
2026-08-19,14,13,10.0,bullish,0,0,0,1,1
2026-08-20,24,22,2.0,bullish,0,0,0,1,1
2026-08-21,11,10,4.8,bullish,0,0,0,1,1
2026-08-24,6,6,1.0,bullish,0,0,0,0,0
2026-08-25,6,4,-2.0,bearish,0,0,0,0,1
2026-08-26,4,4,1.0,bullish,0,0,0,0,1
2026-08-27,3,3,0.0,neutral,0,0,0,1,1
